尺寸精度,表面光洁度,硬度,强度,耐腐蚀性,韧性,密度,弹性模量,质量等级
0.7090998907629127,0.45963837889281894,49.66917401075468,265.63269437406495,0.5829637125910215,56.88741973967837,7.382605802795907,152.41144851343543,差
0.9741802039780199,0.8099964382799131,61.522461008400725,400.81894995130455,0.7931987645686758,83.8173439111368,7.849196898563742,200.94594448488087,良好
0.5983005318927366,0.4549087071405987,48.14684437294069,277.2973312926908,0.5751537302289342,38.05564716511864,7.305166514365555,197.02325395371673,差
0.9550951537271714,0.8001603008961543,49.121176986615616,370.34223875752105,0.9125330309075195,72.13372029130396,7.745662436637956,221.3268967503904,中等
0.8476505480011232,0.8113240940208075,60.07039279343367,388.89148998527173,0.8483736043903564,57.418535687055886,7.701364389055819,197.15050000861598,中等
0.635838068269248,0.7017531423930626,44.52874326794891,299.1956717106864,0.2807306205070198,26.401805906574392,7.490857849070834,208.8125946759788,差
0.8593391669966429,0.795492941161344,47.29657882674506,405.40061455272996,0.7421409204031181,84.77239592974456,7.883622274855587,180.02376657952846,中等
0.9987281708317833,0.9112717334152032,64.31917260158623,475.77048326759706,0.9277577671432679,84.43218717604775,7.810648186053335,199.42163381389764,优等品
0.9827104074996683,0.9266187402421965,70.90075088752477,483.23612543345126,0.9092443099914755,91.4279111718084,7.823554181044767,218.06676402164362,优等品
0.9151047922478939,0.8730832358991811,54.407382578941835,474.2205460449666,0.734358548180374,70.62118936750466,7.73994985424186,205.6995604984895,良好
0.9870213319504314,0.9589362857307153,59.492693731468734,480.1749729256956,0.9796793267738131,96.04927832874232,7.899910882798586,218.9579621823593,优等品
0.7347770989425886,0.5819192554912773,52.359432022281034,260.0636379249947,0.548416534767872,67.58412439412102,7.524154093110273,145.9183485132525,差
0.8739828645803269,0.8260285379616101,55.03144762718924,390.8277369189103,0.7748305475735984,73.10252222405019,7.498234772994168,201.57364698992967,中等
0.7822799039479773,0.601899908225987,52.20715195495441,370.7240769484872,0.5613113693387,58.31214389769123,7.368408374466898,153.3060266645007,差
0.8826759458983772,0.8448731018092558,42.11547075579059,283.8391856895124,0.805012848121788,64.17221598290442,7.5429579042813035,167.10943124269048,中等
0.9829244771470589,0.9702541116922075,65.3667290136412,468.22364874881293,0.9509180283129833,75.32285020143097,7.852094796057713,218.8239708978998,优等品
0.9783594936759418,0.8919510764827858,68.06490564148282,506.16367061108906,0.9987937904750985,85.42797351972263,7.848083808215131,195.758323998124,优等品
0.9304395395295486,0.8832868830023644,55.11527130309059,498.08996013444687,0.7785781354179079,81.25478108111827,7.816438914204801,205.62312760845842,良好
0.956908283632877,0.9393856692069228,64.00590881994091,431.67107882973994,0.9011922365721667,75.40658511167487,7.705353158780019,214.66582680307272,良好
0.8716116184028597,0.7945824178830296,53.59937524402734,411.94784071063725,0.7535371417088639,78.60800071805947,7.755156478168978,178.6056995426522,中等
0.9255800905327193,0.6987469415296139,61.023922848062114,229.07216147161037,0.8135245536603957,55.295117544181785,7.645608856886355,198.69537300498047,中等
0.7766011216136393,0.5167610555030557,34.762407089733166,275.70485842636725,0.5530752594051503,56.118185763462364,7.054064671854004,198.23199654355793,差
0.9429509253672451,0.8551341426821165,54.185305065735434,462.5128894706739,0.9028274443650145,66.22116750791378,7.861884616496545,210.87821893368377,良好
0.9854480109518384,0.9853982639011539,64.32257975277187,538.2332068354671,0.9055009322781681,80.49003675278401,7.810255317649915,206.11431779508797,优等品
0.8784257843181085,0.8120589802953291,47.03855258094951,379.61629681577483,0.8971708898361891,64.72926569136213,7.863945774224694,192.17700655314388,中等
0.9737268827205269,0.9453056787163052,67.30990619400566,489.4020759368552,0.8762092587676854,86.99522070323263,7.916711459708634,221.35620585491475,优等品
0.8646061826090715,0.9211860707033389,63.405229622091284,480.3204318856468,0.7974742104839891,66.8701887689339,7.8504481743463685,181.4789126690239,中等
0.9068949901060049,0.8817942706253277,54.61557383934804,384.8004633998525,0.7325556065714718,79.04477703837466,7.695851332941702,188.01150098728584,中等
0.9793396782837231,0.9354902408768729,65.626560627603,467.4275686765535,0.9645671950802623,92.98698646610812,7.822828978511174,206.13977202129303,优等品
0.7403696780619597,0.6906870534610285,43.69052048589968,320.24123024357397,0.7132138694812884,80.60519898359735,7.498225813542085,169.9545649115586,差
0.9612570896091426,0.7967437351847978,59.64547318736316,432.59445008151863,0.7999381565014578,79.54289474520152,7.854941925640269,194.9347773150632,良好
0.7200322147473501,0.516871210451811,47.00209847518765,335.46144208156034,0.4847897547813714,23.88949090429497,7.704977286553186,119.04648294799247,差
0.8411185392152821,0.6898171581034456,65.07969031651163,307.2553917355345,0.8159849612104565,66.17098432576073,7.761886354300416,222.39736446723822,中等
0.9413539762838091,0.9353860547991224,59.23572504092887,450.57148847535956,0.8396261558377119,79.66033835910993,7.836376351713342,214.81582201091146,良好
0.9480799867653228,0.8220698368170257,59.90340847864082,409.66267917875416,0.8635979631799415,78.82494340573764,7.752734532152686,222.91321724520986,良好
0.9123188101904708,0.8671703618327329,51.43164771105171,382.73474326873134,0.6905327012837831,65.19428293401448,7.763020317591461,241.66032836505377,中等
1.0003065980824155,0.9218253329068795,63.03012778760088,474.1830378855834,0.9520947061429319,79.91207611393313,7.854515489960321,208.04565153477236,优等品
0.8749364578775215,0.7215349499512997,56.281210930847784,401.672622084974,0.623436355491019,58.27664996183812,7.6292691906215735,172.14114907233568,中等
1.000108978107138,0.9596012449288042,59.41714326773336,436.3562827143357,0.8836997902952783,75.85787585020124,7.780320372931544,219.01982061004935,良好
0.9863221547342894,0.9909916823556331,62.29865461586592,522.1983215413795,0.9564909681133815,89.87911668644281,7.863187779241128,215.83883022284002,优等品
0.7464976778136018,0.5174902700054476,55.583499601419774,324.9963035766903,0.38458354392695215,52.75181339708349,7.208628474350393,142.8679849300739,差
0.986991740439677,0.9667617151083345,64.75222227394613,557.5581900162863,0.8849355214604225,82.08969332953494,7.867952754674018,201.35714738059465,优等品
0.8632560022102764,0.8164517528070876,50.464113753195505,336.7784843163231,0.8944343411979945,80.83354577288206,7.630210308412734,224.8233280856036,中等
0.8283895754897832,0.6846771109008244,52.30645804178011,316.23502248900246,0.7835779948565138,60.903057856174044,7.8852690811442265,124.87554407156063,差
0.8091450244693762,0.6040522942317009,31.95248186280862,271.6242923730549,0.39066395239850743,36.59628548032984,7.527103600558359,166.24140131691686,差
0.9814606709153995,0.9966559560244203,62.26514809353829,544.8509092920751,0.875181622608741,81.29883873725646,7.747628140711462,210.9293565268298,优等品
0.750939525565397,0.5053017234382652,47.99887289705983,233.4772582196436,0.9954264261618497,44.866323047798126,7.039028565480742,116.42776154161211,差
0.9384554254857885,0.9251045655794135,58.33476189512239,511.7122709507873,0.7006639530556846,78.25297579128198,7.918771348950121,204.68618443925385,良好
0.7278239200081442,0.5958339976618665,44.81507630991305,321.0048804136018,0.49797040181130847,51.434113161688664,7.316020365910769,173.20008966101133,差
0.863612079724676,0.6780930139892637,57.34659840654282,344.67622496171015,0.5794792392223983,49.25134344498289,7.634091361602491,197.49326786815115,中等
0.9950091732908586,0.9573534285311784,66.3838162529535,528.9598000148338,0.9520973564721851,92.05678430872813,7.747768549809936,203.6315478572961,优等品
0.7445691672530829,0.6787276293122914,43.673603491474864,236.30024389469554,0.5014475868938219,67.89863412712147,7.327020777514315,166.58370176792778,差
0.9702075862656653,0.9006573737976311,54.97831086853047,472.81944344318765,0.8680215777612037,79.40482839843496,7.76299736269493,215.3238956615862,良好
0.672448690900834,0.5477479070590363,44.530396565720594,353.71432492371986,0.37554957133248346,56.73414077289496,7.451542380364322,144.0437283844326,差
0.9948060859334734,0.9654843211875913,65.90422120934335,467.72790054675164,0.8364119363335917,89.24792265523308,7.84387820051263,213.88185795654732,优等品
0.837205159223299,0.5502630466859737,31.787136159271405,265.28155082873184,0.5367090840477087,35.87699119598385,7.283006402503904,184.48546237244327,差
0.791096074120795,0.6491274020726283,53.35112667804097,243.54874540475737,0.6143559351351323,57.22420768532142,7.712356953391664,272.8673143402464,差
0.7561509336763378,0.6949263174282309,32.769268950878555,263.6120713768448,0.33496541155518395,33.49786375593446,7.566392785713311,188.76428000912153,差
0.7908996049628668,0.6037566858707252,47.05148658938177,338.10992815749256,0.5150384211923767,70.42641370010335,7.708996099026638,159.00192290483767,差
0.9330973920296678,0.7180584062076757,39.063229213280245,441.8732295866769,0.787755473283791,76.94458843105129,7.608218092603027,214.87480525735916,中等
0.9752373745599822,0.9541423522525264,68.22566462354575,536.8656965060168,0.8950063784794574,90.8533081465883,7.750765602927705,211.5165727214502,优等品
0.9810943118940898,0.9606131189267416,62.083105265795496,485.03038232062664,0.8761191321568548,88.91579943888506,7.8707392231039615,207.3493500311142,优等品
0.9704392555335628,0.9241803392997084,60.23649371564364,390.2294588373504,0.919503867064444,68.18388738169172,7.785909264183138,216.48156241562523,良好
0.9589167775045849,0.8826228693444722,62.66847624003096,460.9053405727766,0.9280160433347813,95.25079705383439,7.856260306247676,205.95075088956577,良好
0.9314525398860812,0.91221552500541,68.814898262687,514.5191268237222,0.8272168472387684,92.78293596561683,7.820711001257016,224.74011129577747,良好
0.755225701803791,0.49295317569799285,36.07198983118858,320.3782123619151,0.4962186208656086,55.374497223991526,7.767703901716255,177.6783313123504,差
0.7464985111595978,0.458919771490904,31.284095289315722,170.4630892861212,0.5426835603249075,69.03211484475435,7.270164079556644,229.6665391626456,差
0.8381236582434806,0.8031158713073231,26.893542156956272,201.75980932980173,0.5685186334253715,51.9413251522295,7.4138456782639235,174.60585371751054,差
0.8601658866342708,0.7914724768857044,44.20855129168976,479.706187036722,0.6531664136746441,74.61152928661346,7.5668468758516365,183.1770634014878,中等
0.9629380904651312,0.9058198333893289,61.476123791726216,379.2777312330241,0.691678504520823,71.09448230266537,7.841801661315391,179.43067062734326,良好
0.6100017848703208,0.5650114650876996,45.205124966282796,194.94161456635564,0.7530177342214178,47.89733105261984,7.502330341537049,155.74029746953434,差
0.9925737310641735,0.9369263081112909,66.90598758564862,529.5619913435015,0.9113979320367264,91.55302956406732,7.90701252763356,189.89783345433938,优等品
0.888209803576375,0.8633752461586415,42.63628069738621,371.0184813637242,0.7018282949064474,73.39950900755103,7.6630140886207005,187.5075436134789,中等
0.8906923775060313,0.7347720037999125,54.88458425410022,447.4346599322756,0.7993195688489878,64.75258064918026,7.6694470416783345,195.43426036969686,中等
0.9842154027112366,1.006936618779761,70.1838915061453,489.24789273461334,1.049941145003729,90.15124846984783,7.937292948513656,215.6864461601277,优等品
0.9932465823550252,0.9790042131275163,68.06487429319985,514.4837037218095,0.947066064700414,82.55421912407891,7.798739045713128,203.75165381565517,优等品
0.9305787594178453,0.8900869327398022,62.654335810335745,436.0990022992457,0.8769199831056721,77.6396470559126,7.775856120528299,218.73735672396407,良好
0.9363111919582763,0.8177474388248003,56.60277507541125,450.7818337919273,1.0121453692833913,94.32107108797535,7.747749008805605,203.7529971141776,良好
0.9258228227075855,0.8992483208023817,60.22276082785576,509.6669543520723,0.9929791971683735,72.52150312208883,7.726005934742458,210.6954951612567,良好
1.0044656329125137,0.9304241512035006,64.89025988036946,487.0563306632035,1.0555165822167447,73.9071501702445,7.80457487442439,200.2972867409176,优等品
0.6631156900877329,0.4797328492228008,42.35317168484637,311.24765834156517,0.48741019520164097,41.198828589049825,7.312409318231022,175.56189969403283,差
0.9277534506065883,0.9153252731773627,59.85324148942153,497.0800254716135,0.9734037769099293,77.45437975733864,7.973241716176524,175.34767646578615,良好
0.7861498467312161,0.6546589725688639,49.43193303477794,206.7221569236865,0.44267308508158776,52.90505027522253,7.464094033204816,196.94733718568688,差
1.0156050295935568,0.9390454216040536,68.73028483430878,492.5797883892453,0.978920965878186,82.71390730340401,7.866948794683413,218.40606712783384,优等品
0.9323607847146564,0.8574390586528062,58.168291614311215,498.8220241572493,0.9628553856336716,84.47406902498639,7.697805071692373,194.41693079082307,良好
1.0252905518757047,1.000313476105606,63.074818569043615,476.773885449413,0.8901503205789534,90.29975084881188,7.8923059234647965,232.10689726015764,优等品
0.8056931198991111,0.5879356965870165,47.903910765354695,294.74915330898335,0.5939735837984453,13.093462668556924,7.573783440581649,206.2482422195642,差
0.7706877101473694,0.5166858476671033,33.40504563161572,246.63012583468003,0.38175306452002084,58.80202776103482,7.705510542735031,123.66200819283131,差
0.8717099411486735,0.745872029097117,46.26460885085798,422.59645353954215,0.767769804579024,65.02050635186777,7.73371141963374,188.4852221363476,中等
0.7567400711645101,0.765886969445533,49.9006123071636,308.31219687260057,0.43999129436288237,64.10554532934947,7.764523568252154,165.66536475666712,差
0.9895870863821534,0.923675479335331,62.853461043544314,416.7855518019825,0.9422447947504943,78.29937552172608,7.871777315949618,208.12772678493118,优等品
0.9498168192293068,0.924242129140058,61.73698743217381,434.3537451098863,0.8855974652300941,73.44898419842104,7.81503534211462,232.4676570334883,良好
0.993225046602899,0.9698678894647885,60.329146739880564,511.84873910969924,0.8625146263551298,85.4145592658602,7.886756605652704,204.66995918173666,优等品
0.7185202884068101,0.5668760691121605,53.451171736117885,259.32190977951063,0.6878891637521938,71.34897381598492,7.491546400313041,216.75152035642344,差
0.9996030516808667,0.8995738862228564,62.27095868206257,540.4740531534029,0.9499725343160852,87.22426768778745,7.826746202689949,196.69773744358662,优等品
0.7508350433633775,0.5805210378716764,39.89060948039914,267.06592339486303,0.5168816275311919,59.71408973850606,7.05714636282309,182.0341478379269,差
0.9471026648970781,0.9516916419329923,64.08733563349186,494.1998880721766,0.7852522652164096,81.24028308684571,7.775832236718031,227.72977141485703,良好
0.6784442928614373,0.6203482003452288,20.126897702735715,290.3918585625248,0.7838773435723527,33.72239482496383,7.657203458162842,163.99238519561672,差
0.9401007089821859,0.8938757929440945,54.56125662323166,477.2653689467356,0.857740393475104,85.63008204649083,7.808246257722468,179.2160438056923,良好
0.8390597102229838,0.8410934519775196,50.12470886089051,413.8818550962444,0.7449919401143533,80.71030099431141,7.737952853631166,260.7552237477748,中等
0.8241945076883881,0.5087321239304132,39.927443015343385,347.58602300476184,0.3865729887589817,44.7031972999633,7.233870183395875,183.53968474230234,差
0.9858610505772514,0.9366917950937784,73.37662660372989,502.6818583679484,0.8976061177534022,84.08377378395359,7.849482385504613,223.99417926653882,优等品
0.9780300069310431,0.8456633802216325,55.76263054717468,472.93789973421593,0.6959217745243919,63.12269567560161,7.769393292582206,206.74762078713806,良好
0.9586201938426014,0.8714252199805881,58.883642057833455,431.6745204063312,0.8625716626962028,75.29064756892994,7.8294798069471225,178.60061676776124,良好
0.995510170602263,0.9740210584263672,61.83588663510224,432.6324230730451,0.9092731167741018,82.03767272309743,7.845865112749079,234.5987198502938,优等品
1.0056025552953094,0.9375610847355791,66.71733591846531,483.1420965842622,0.9086114510438184,85.427566648198,7.887851603252699,218.0965753014824,优等品
0.954224187984489,0.8116900831165541,63.47334562059292,457.2348444592973,0.8518483476800585,72.56075282602535,7.677270024524092,227.16580442953114,良好
0.9692186435721651,0.8967923632360034,65.35840186945295,424.9180554120904,0.8010061687279305,97.21266928824282,7.751940165548914,201.17219242728575,良好
0.6698135262485052,0.5921247113755359,39.27522280405965,299.6555638685775,0.40519056848006174,70.58418370169862,7.747240995651919,216.05365219437957,差
0.9373145056636537,0.9061661891364294,51.4241001464829,446.6731291226152,0.8128916456395243,76.39451825299736,7.84758834987178,202.19413725289508,良好
0.7076800847111157,0.6574386351133876,32.408164538324954,350.1233676538742,0.6832670395537832,79.0714234908971,7.3335859064534406,120.36468815261762,差
0.7078852141614965,0.823697107706163,43.841601779674775,326.3637026751636,0.37870208939609784,48.69277411496862,7.324300241806099,177.0266124079868,差
0.7944928475892747,0.6618407215744134,36.2922940333949,247.63421237329487,0.8013878181414065,51.44565684671054,7.151589211645634,183.3167851712866,差
0.8117715887878401,0.5509051050268133,30.498474699481278,314.03307432603236,0.3257203619045267,44.0139419113536,7.3010456564136605,193.52854259791255,差
0.9853381138805377,0.9410661153132811,66.01698054142825,502.994789452993,0.9697279117870812,79.13063336846986,7.756255396797623,211.3885603243088,优等品
0.8662902449852431,0.7692976501983009,42.915901370231374,267.5751732750172,0.8343790025881576,55.7625515334373,7.886513892993324,218.52021970395413,中等
0.8352925743010287,0.8000802834520118,54.173777465399425,462.26774761353727,0.6621878296394548,67.05727282769034,7.498459664850392,214.54526740606244,中等
1.0069354713341367,0.898219681439997,70.4593153619378,468.4983563053044,0.9033269653409114,80.72452262795397,7.873322229842013,224.2732865159477,优等品
0.874453697312642,0.7520590491721632,43.6647793948433,345.75019249368034,0.7932972928043636,68.39569724133648,7.853151678544827,189.9644265214724,中等
0.9116708274664945,0.9858201911395579,41.397985436590105,379.8259575713399,0.734860250805859,79.12798195612906,7.870690754634299,205.17070635254262,中等
0.9540399802151464,0.8896002118484339,61.96384181525562,393.11061993972504,0.8175111714381277,93.85976360135142,7.819018538232479,208.40397915700373,良好
0.8385469243429688,0.7807381594396375,58.73547405006769,367.0201639095365,0.6655297001297017,67.57175620924481,7.536104488633887,172.97346742460581,中等
0.8591061673063993,0.7879211559589806,45.265011402667305,438.73809001165193,0.7425407322991924,59.48382759813292,7.6849016778142,215.16831939885984,中等
0.8509454905911431,0.7725112781306908,50.30337179326422,298.08771704527334,0.6662176938832218,70.20841770290352,7.637155486053257,147.3447529585387,中等
0.8706708560054178,0.780234077334355,50.576772002077455,344.3403847816934,0.7706677628539116,77.95526691674114,7.622944739140208,208.26546762528955,中等
0.8841946407555463,0.7832246159464199,43.133576034253736,450.2158140997476,0.7350364055748208,56.1879882685112,7.633611079779224,206.76872360480615,中等
0.9865785134887276,0.9098153190041401,63.33415850928401,526.1836224340883,0.9503644507550847,88.67634654987494,7.848898496374153,205.64098530909567,优等品
0.679276849431684,0.6528634815334559,38.27373646991522,187.55453150107826,0.5457266313234411,39.1582961683326,7.702588576933956,213.0826803854605,差
0.944229341986364,0.849695808389017,58.802220705314504,476.13915927806966,0.783594360389661,77.22151079438727,7.734825147740986,219.18450141351445,良好
0.927973697225102,0.7582962749481887,50.175741673662294,326.1522729561027,0.7768804934439231,74.16579352307271,7.552414026165615,193.84994062410166,中等
0.7021036080252366,0.537640311966736,47.26035999229334,207.74021036926237,0.28326959086512293,53.02294408673753,7.668710058244424,186.04111848908593,差
0.9806762875681801,0.9583265754048059,64.82610800099509,489.15115671882364,0.9161089281931764,77.98220685218169,7.800647691053184,211.94955092412187,优等品
0.9792533896056713,0.9892959550830059,63.57906362704642,438.51576542990955,0.9283246563557562,77.57697604040173,7.864060584129203,208.75078404676435,优等品
1.0166690522232,0.9243651961178583,61.42437588742625,473.96073732415005,0.8496353278253799,85.45657364305674,7.871797381485774,204.3571014728098,优等品
1.0093335974771436,0.9286609031915156,66.15975868971557,464.57082549006844,0.88635473339953,77.91865570329696,7.774847657032126,208.1080981872492,优等品
0.9266448516820015,0.8790438910073146,61.97653626324666,397.501307862058,0.7364098268583257,66.74624453952353,7.884369650278986,197.57177352992898,良好
0.9729297431746607,0.9271798888136473,54.10111625312746,444.6958368703801,0.7990498820634853,72.46347841068247,7.771691282974391,196.8805135755664,良好
0.8437612694241694,0.7734762793123577,50.04930294067883,293.827592837658,0.6319598427500908,55.91966125034999,7.640376450411859,191.1654015818074,差
0.6778035538753886,0.7305582715810524,38.4349616979079,233.38827408271646,0.5535919573673892,57.445724697932675,7.9139895478139355,209.30584568162902,差
0.8657339665979393,0.7746391966619823,43.50575647892954,218.37172837437834,0.6429679451348163,54.56790609416099,7.5830656942867645,222.90203813004595,中等
0.9031015032675276,0.7330644328990502,45.09986876600768,440.57137518162153,0.8815821840016222,38.53095780715985,7.605761849568411,182.458983091053,中等
0.9752549731295176,0.9077873841564794,68.36449763554978,494.611408357831,0.9625359697230323,82.57160627712477,7.858324263628857,220.32657516622012,优等品
0.9931047275418075,0.9482780760863961,64.02039244239629,533.0521358535863,0.9170583572934239,79.29029090419344,7.828368124183323,218.30498133985952,优等品
0.9939946937260219,0.9163769704791125,66.61929353848502,525.3336761621499,0.9782797447572065,84.31505211153029,7.826014055161693,209.67496106942312,优等品
0.9376785756932735,0.9096056950142459,59.96259601629627,401.49371469506747,0.8416792617820243,76.07420556808759,7.702210830801021,234.78514616522259,良好
0.991950769254226,0.927728408887078,68.11403758194788,510.8901285441823,0.9933925222498655,82.20418082470395,7.761593448364664,218.77547553451421,优等品
0.7536124567118101,0.6015908658399631,54.81236591623595,143.60966784719008,0.6787559847958191,35.5947042178683,7.470364293300354,192.4117648347237,差
0.8569469344928953,0.8749132472414087,40.342307532313,360.6752554838605,0.7500559992339696,74.79373170574121,7.576096006854871,228.57147928697515,中等
1.0080608911783695,0.9267486511095128,64.3068213894773,499.5358507781978,1.035881839433694,95.79560577301646,7.798201903569668,201.09564247057338,优等品
0.9847261093836038,0.9468692465168573,65.42713373753139,468.4235842438967,0.9040086861055622,80.82437748013882,7.953867171978497,211.68651367610195,优等品
0.9341996580636958,0.8990413209172627,60.9431554078399,461.4554697582156,0.8733719073695039,80.89959905275622,7.823615629452707,228.17262193627388,良好
0.8667729343416744,0.7506381908222687,55.6679926890903,418.98480910897473,0.8798693290993425,61.024580575248855,7.9244166431385565,220.7389457223284,中等
0.9605496166605546,0.8893729691044455,61.48286338347154,410.04254495017636,0.9568456364429405,82.13460212659561,7.805083352364875,204.846915994136,良好
0.7831153448323984,0.6212726121191785,41.27173919194286,269.78964811595296,0.5863436778703478,68.95308516194763,7.44925805298672,128.381404597074,差
0.9412984551684737,0.7822703497758362,61.66380239318505,429.3607604260368,0.8987391064711803,72.97967997804741,7.7454340161580975,202.0288955477596,良好
0.9235030843813452,0.9215605551599878,58.06535276700026,462.092916013931,0.9061624258933861,80.20001838633449,7.737951491084991,211.71544399592517,良好
0.8543612607473481,0.6580012047884752,42.12672808511057,434.9792232163835,0.8526087440960004,63.906797854133146,7.764620378796685,193.19514237119355,中等
0.8871549677701916,0.8515944049252449,45.07244323684946,392.26179239471185,0.6163022041859445,61.77386100040681,7.631155622684882,203.75012406946072,中等
0.8574064800813826,0.8706341109840828,41.07880422409039,454.70709486334124,0.6476340253869286,78.92959110896669,7.691617775817963,211.87902801037862,中等
0.9067593540014511,0.8100328917075614,60.677144173599785,451.50212306642254,0.9694967807204427,77.67515014657177,7.822507867799166,212.08959644485017,良好
0.974293335602658,0.9128464533171045,66.64323205772322,403.95093369971426,0.8764831122253771,56.037603570620924,7.783003863782955,214.05672204329437,良好
0.9803082763069642,0.8556661838559202,62.44589175318897,452.75624532483886,0.8274524120482319,75.6147797904008,7.763572606148375,212.56547598577615,良好
0.983691535970528,0.9247565145761297,64.64699809342144,452.42463078842457,0.9919084600572852,90.8555098583478,7.790988413289981,196.7604891578044,优等品
0.9453278607803427,0.8645245057036386,68.41657287963764,362.3208537488048,0.8140873290149595,86.23683489135755,7.7740304260481645,189.55583543365898,良好
0.9817904607220772,0.88631562572935,50.92558085259297,496.06662332189904,0.829875847985269,76.3886407993842,7.8108140993074135,235.8113866215396,良好
1.0075092594192714,0.9247852104347992,66.06601458677041,428.63011877740325,0.9050242481226262,81.55444101139105,7.838386324860026,201.74708039169136,优等品
0.9701460871494652,0.8622032541456515,61.0393025053354,442.6583871193414,0.7831303795505355,84.25086495845211,7.848555408670931,192.1340023509247,良好
1.0084639592059925,0.9679261311768418,65.03564130355338,499.0387288795854,0.9271022239415273,85.73910369518264,7.857530124642231,227.18363995763875,优等品
0.871563892137917,0.7277006376154427,53.15844094893198,367.7413789074307,0.6699706718392623,66.83511647368965,7.681579916531626,194.199255849578,中等
0.7801866508095111,0.6632582799642197,23.647097299284475,293.623783188649,0.6266103324410911,47.240170098455536,7.3696095691953225,177.91665483050065,差
0.9844489077207165,0.9311288641638916,69.50820297891677,483.42291961643446,0.993260525174069,88.94537600699955,7.782519737214403,201.48819517552516,优等品
0.7839690686505953,0.7712304687437599,30.919330292400346,274.1427582535554,0.6258083517598205,64.6300360233314,7.591035133973765,169.58413596487185,差
0.9801767572772322,0.9718038213920541,62.226927999108874,521.1300862956224,0.9064866197818056,88.92672801505141,7.821050789003005,217.41016951336448,优等品
0.8799817455303314,0.7462734150847766,53.280401945341794,426.5266659662296,0.8584477524857288,81.65560370432178,7.74560809286886,184.11451134150923,中等
0.7488845730543784,0.5738054993575645,63.01674852050775,298.55670310760166,0.7053874314148052,34.776251438013745,7.872551937276056,105.11962968456412,差
0.9940482340880826,0.9669136362502074,59.71028990328954,467.599921748536,0.927570369803601,91.72427015590347,7.861993637614236,212.95140979337415,优等品
0.8625050284823214,0.8156607880973703,52.948439606217335,275.78341893285995,0.7125609966793086,66.01330866177096,7.646362693663275,186.319332913528,中等
0.7059090750507291,0.6421360254306708,34.22995560272797,163.1596076402846,0.3194460998308107,43.99913849176211,7.8279913363657325,185.7269053985609,差
0.9534789441682562,0.843266445316157,58.46376887169134,446.1940750769072,0.8498209506820655,89.73153912950863,7.763385840560925,198.31307029259776,良好
0.8531855070825516,0.8052418352736203,49.67754859759514,351.9474573988866,0.5832334733809138,69.92619147586936,7.438425360633171,243.5235600768355,中等
0.7204392190378813,0.4984707625750184,26.731224406329773,274.6398480717372,0.8776345902632353,49.17347825401519,7.399328652390105,235.11356536833668,差
0.9753502525389511,0.9236990874314212,63.491393738987135,454.2328487581675,0.9605013619253059,83.64814300432104,7.824778865835142,214.28761258880763,优等品
0.9363230219900084,0.8865559662337573,59.27325288843058,459.95575876533024,0.9617408141918793,84.2652452481054,7.683175805183262,235.33261150131068,良好
0.7615824035805462,0.6720639231357267,59.22224560269453,275.42874332253893,0.558994428654356,64.18911440959157,7.119474752713711,243.22771896369605,差
0.6437986462060574,0.543615166814014,38.31662365762809,178.95975893223013,0.48632861236123304,52.4102824718848,7.2662038179575,143.0617404307931,差
0.8046268916804151,0.7027959002257798,55.94920208086015,350.58064337028725,0.5037778555820295,59.76996427992806,7.544604060592433,137.44575370513002,差
0.9346246717992296,0.9183653681301244,65.74045433198717,485.463179710306,0.9584644271545201,81.99288405439152,7.7836054020606715,217.2789192751482,良好
0.8720251490305903,0.8773378793998358,49.403482274746324,355.1473756582159,0.8278774307977782,65.19888992249994,7.749448536447923,171.76497399647178,中等
0.7445575687465419,0.6251493669941992,69.45246289935099,397.7241017139117,0.7918467291855322,50.54905484844618,7.805596314727902,146.0653363567166,差
0.9638741222507237,0.9042295689419637,59.02754257567612,413.9935908850535,0.8586208044362034,86.21648341498414,7.712852588983031,194.27789111512794,良好
0.9065673124508513,0.8272872425060177,47.193768277062595,427.4820749308267,0.7487634061757635,50.10987609498559,7.69424170461793,183.45315968583333,中等
0.982797879789932,1.0313238289712159,62.526163970704935,484.51650074385697,0.9715826887287587,91.65216172189409,7.907675142489077,229.74078687745023,优等品
0.9890323989681311,0.9759586926840574,64.95331073338912,524.2571302067036,0.9101953394661532,83.65930430379119,7.823951572438445,190.9376337991062,优等品
0.7804492223246218,0.6043908301877157,47.00972322703966,331.0021837113742,0.4362754270750108,49.775838808683886,7.666418403674789,182.92219801945552,差
1.0009479850222733,0.9384683787022123,67.62196925302065,490.3087289368098,0.868515188018347,89.30091319197578,7.908220587026763,218.36484137964942,优等品
0.8549141544788749,0.5807070873478832,50.04454827060155,367.06177940638105,0.7402654031107267,66.39549956734366,7.534321739586783,206.28996408094994,中等
0.9869093376326173,0.9504201490211414,71.86637198264087,545.1518611582499,0.9258794314943601,83.11306741268895,7.824668258310604,204.21787901780246,优等品
0.984734448668633,0.9981685949769535,65.54898334893578,487.35929576688676,0.9197963581439282,79.2227410309117,7.851716669428441,202.49279665507188,优等品
0.9501512036078826,0.861224550968025,57.267961902681634,473.0224770332146,0.8634584432946956,76.1877802209373,7.826926643636723,190.58830662632664,良好
0.7792760766428434,0.4896241437397683,36.71110503329191,256.7570952991171,0.5264145411957172,52.39089796664333,7.444283055248657,250.38886081700008,差
0.9225518052487738,0.9672155557371556,57.880832308967584,410.3750710649097,0.9296134132126884,92.78432153416679,7.843393917562568,219.55732689420068,良好
0.9685603131830337,0.820622341661248,61.283916286623615,476.8407121967108,0.8476661840618751,82.56979368188992,7.815857386217665,215.3274396184235,良好
0.7538968648279105,0.608036232596303,39.42133840785659,326.15291663374296,0.7085588517034866,26.34155545801817,7.534083083518622,147.56644686902055,差
1.0011668127506752,0.9581671017598216,62.72098094674234,454.019480872288,0.985711328785179,81.84770772907261,7.842914563914908,216.5523362851376,优等品
0.9890712549860695,0.9504508325086128,63.5481996651463,561.3344467159983,0.9234852134714641,81.46646615813498,7.830008663285673,232.09605576042378,优等品
0.992474805476401,0.9677698864104003,72.1078619024345,502.63920641387506,0.8997921420260349,84.12676027159186,7.864059600895513,211.50135653956204,优等品
0.9252675668280071,0.7662551628957861,54.72053072223317,399.4972799691718,0.8589272246931099,64.38283012182735,7.770194419170373,219.32013077822953,中等
0.7716592033635772,0.5875699061121501,31.39476132018761,183.3986996254602,0.5281233350541716,47.58071849508283,7.533267773190131,181.41009950947648,差
0.8860221562227517,0.7018108706013032,61.337987301138476,410.64126608346606,0.6966456374176918,58.086656077657494,7.7042354468894265,203.4061963497041,中等
0.9909452756758846,0.9850322577658334,65.91840365930827,539.4134652971543,0.8721970724158303,84.79375935510399,7.8591049122907926,209.43211404113723,优等品
0.8287860225186883,0.5593848583426196,42.608661747219756,360.1284338710393,0.4265698592503034,75.23971391019946,7.760035305362628,154.4609810235047,差
0.7921387015049514,0.5933398972978026,43.4672401624195,243.71686800187132,0.5064954397800712,52.05119753972695,7.5654150436106615,241.9534785676421,差
0.8810261405361423,0.7912891597364474,47.17469652343949,396.2742556162309,0.6807042995468785,67.2601521846373,7.539048832731591,220.06116420487828,中等
0.9288935168281508,0.8611288299434835,63.21427746981474,452.5763008972777,0.8789531416584421,71.44490535600967,7.776036047104064,197.18660644144356,良好
0.9272872819048433,0.812517516488993,66.73470622194498,383.15411340818605,0.8413177725948121,89.97504219080685,7.893486429141871,200.3060654921498,良好
0.9872809706082352,0.9114680316714446,56.60832685332253,381.63094403189615,0.786342586918351,81.26151789469742,7.8154391713418345,199.42806968368473,良好
0.9072988762258167,0.7621066742557245,48.347633398906495,458.91713387486425,0.7317959568914344,71.34374746873299,7.484482071849917,189.93826317971778,中等
0.9987896397307066,0.9382877378515858,65.72540621466725,484.1300475739062,0.9258853709230479,84.05153253273797,7.77348604320351,220.3138052527733,优等品
0.8881755397068878,0.7423795426986914,55.49691235774442,284.8120297177703,0.7825251675854344,48.8714864665217,7.714202024134813,162.26396271378417,中等
0.9187440666719608,0.7582615968104234,54.01705029078178,382.1855198495992,0.8291140004355884,72.83841125026461,7.695423851741043,183.1957077559902,中等
0.9077416541654026,0.8205532576109049,50.00120862284943,366.08448720617116,0.9098110895751759,40.32674577397602,7.655595606491817,158.50044506077768,中等
0.8543355191222326,0.9316405876793085,48.95643714639448,354.0932971666571,0.6334025814319539,71.62543091092961,7.76091341875319,182.3953585270712,中等
0.8301933033633933,0.8546054535942791,25.71932823894555,247.20710222581147,0.30900958969629916,35.353616904026026,7.407474144681422,195.6937943944636,差
0.949350379283158,0.8851270719908761,58.14371314664803,514.2271183232982,0.8585195184232073,74.51801442395865,7.689238558446,201.3612544556531,良好
0.9075330459338541,0.7191519468459889,54.540969924028815,306.14177918438094,0.8919064413357521,61.44672476799206,7.784991946358888,185.7119643718018,中等
0.9833154508914682,0.9698137985705465,68.53659781111082,465.3750984566137,0.8837569458099974,78.05109928403665,7.77400536001905,217.70463595687227,优等品
0.9674232764730508,0.7691732612861513,43.12906318139089,425.8283806888851,0.7695162047141818,57.585470482251814,7.680721605636071,216.6652355258861,中等
0.9211457042799457,0.8734599703136522,60.883810516251316,530.542171785948,0.8252231350554742,87.85862884171732,7.892526532127539,192.30940491058547,良好
0.9728672306041165,0.8764888189712687,62.01649802083412,449.45987021628093,0.772227022564534,80.11585347961099,7.7562246568894,201.11167280493862,良好
0.9612294525965226,0.8422850933696429,54.35682742810396,517.0880203986438,0.8832642180576356,83.41595277900043,7.7874978930635965,214.55305237593106,良好
0.9286562124335516,0.8189393201726448,46.48594296714137,360.9381356363563,0.7495737062356124,80.97297533925546,7.5337567377866606,205.1977449584239,中等
0.9817416722676195,0.9960818354512858,70.95090095730806,481.82960000192605,0.9886135658303996,95.27096920628034,7.855263931195483,204.81362002515425,优等品
0.9879029722421794,0.8078399603107103,55.11689842068222,479.3271726969023,0.8927477770763027,79.40459267940658,7.846964602767563,188.24009486603148,良好
0.9105387115728808,0.7377838870463516,39.26664289288217,359.37899650750467,0.5007610348416933,62.620560336668596,8.105332188954723,207.51864191945805,中等
0.8887519817613493,0.7749357421774931,60.3216436883521,351.60960789079473,0.6321820312665722,77.06834146372927,7.6809020634154725,157.88133425623127,中等
0.8837025740050288,0.853232237638795,58.762977626027336,304.07921505856586,0.7482072031750201,72.89211824664301,7.596026267605712,225.66025084498366,中等
0.9836915444920914,0.9724233491428116,65.1321877022198,543.4083243916094,0.9236931717205441,81.46280227593905,7.85538497245533,201.62619210317533,优等品
0.9648263963381583,0.9252858800248682,70.22827273838577,456.22046415054245,0.7704114918025967,68.32451736832753,7.736241066494889,193.32537170490244,良好
0.8237248683785258,0.344745984797925,37.371595005376065,260.1995878825068,0.31137312147119567,82.8745738258248,7.194575840932849,177.5663901008859,差
0.9189692515806375,0.9022838953540961,53.877988964763645,403.8146264508462,0.8818110001421023,90.72636593737002,7.927155302684936,184.5874753254838,良好
0.9844498329845589,0.9706057373303676,65.942388489352,475.31432295444705,0.9229845940289868,80.79614055050688,7.7836868919025415,195.4178688618125,优等品
0.8930150572026663,0.6465028910123096,60.90738331594132,417.44680569029634,0.6972933881760226,67.24972999603199,7.748702032003148,210.70253170920108,中等
0.8484301159119041,0.7960027029849863,40.639175265975055,330.7793476912394,0.7747846281901825,69.80338690663888,7.52900345938215,214.42688569082964,中等
1.0029046074137635,0.9165640305497581,64.94024481110081,460.6109441015818,0.8975652158690258,95.60496782922554,7.838963562152081,204.50075167535655,优等品
0.970962335185383,0.9248827885824872,67.94223588120056,506.56441562427125,0.8119899777244317,77.69949192507048,7.830028775691558,194.42024914126227,良好
0.781118955923656,0.4192410350818542,60.1780644879303,342.5039711592758,0.4835171961358457,30.00174419073506,7.257451877025039,194.55646149319995,差
0.9769889073360866,0.9905920748049921,68.63202365762659,490.67187450946716,0.950758199213929,83.5768724787316,7.867315635511244,208.28743695175066,优等品
0.7799086075167397,0.6326910864239175,29.13363811114718,297.6746080324192,0.3324755249444947,37.353465430056964,7.320733333405601,118.09333621563543,差
0.9504677042931701,0.9623938802891837,60.662988360130505,445.40196274032627,0.7623303351361026,78.41898214982055,7.6526464736854765,199.22811964593893,良好
0.727570156344544,0.6028320263677764,42.83927887604722,322.7815510259769,0.5427520481898483,59.245914357955385,7.219988692567324,182.5198790498132,差
0.8907675275122198,0.7909873059652084,65.3045432920546,353.51161470384795,0.6161276293864426,56.22968368546929,7.751138787157543,169.42528290361486,中等
0.7167484054848038,0.4624850607959696,36.7020174295416,283.7040805876178,0.38317205480821626,54.782405653692955,7.658137242005168,203.86870205548843,差
0.9939876376442481,0.9056241194492669,69.0965793875788,507.6419341214063,0.8283147116185283,95.38888792599222,7.853982479130696,209.62312879257763,优等品
0.9754936769935897,0.8527019036442536,60.16511653596517,471.45556875390304,0.8591580847055024,77.39008786143522,7.881981928982538,200.43482693419074,良好
0.9327114658932856,0.8834161064969909,51.98391576692952,390.7107430529077,1.0714698884500755,86.36368192385802,7.904386781065546,213.3361326706434,良好
0.9500612023347714,0.8744076447956843,55.6017816222438,523.9243641642221,1.0038810790082764,58.871371477728324,7.716246259991447,208.2750812566324,良好
0.886423329468584,0.7737129285668515,47.344678573978214,405.6271814199701,0.7932850402519974,53.48165254831565,7.6140326847559106,204.7257460948179,中等
0.9484865785468587,0.9360468256203123,65.28980356919396,486.91910260561724,0.9696457389185941,81.29884775268758,7.814968568010007,205.87913376057688,良好
0.9412747393563994,0.8542955597816051,65.83608866652186,511.4958692273716,0.9009526463202389,70.21737685933634,7.7958792644996855,175.02482549283062,良好
0.8897303713358478,0.7180158257491577,62.785266635617404,301.48370928734914,0.7092984108193229,52.23691003228754,7.7419236264178855,170.6364786638536,中等
0.8733227521832544,0.8348712365150336,48.27647944195535,451.7000501865231,0.7820058191493244,59.60391627959328,7.372471473809152,233.34575937211508,中等
0.7326249850147045,0.6356667607249846,24.792784703658803,307.3087828569711,0.3630409752191257,8.255593514851697,7.6049585151002645,152.31990306244458,差
0.8489101240948551,0.7373914594661203,48.31462351643554,396.8356147710306,0.9350781142435733,71.94757389107993,7.741051937786886,202.92639364015727,中等
0.8998208564300985,0.9043609097315214,61.525754179374864,459.8908580843502,0.8188477150779698,66.58680631351723,7.634229190712281,192.28559181254673,良好
0.88498421839235,0.8212930418341176,59.913686336761174,265.43535965579673,0.6454305029122087,60.987504555959234,7.604386252079699,206.92162988264974,中等
0.9932099756368602,0.9856123303622526,66.39275371436901,435.41259452727456,0.9720028945396695,80.06067044930114,7.930004892341024,196.3552914638272,优等品
0.8803006345522171,0.8723998048433295,59.9424778987474,347.992674745315,0.7444103533386405,72.8684206896749,7.662247826306954,169.3701805426235,中等
0.9971474564988895,0.9743984121819378,64.6704076306942,514.5607972265957,0.8802014813074751,84.1381252127317,7.822981183050647,216.25318334021503,优等品
0.9894156988100251,0.9825566679098489,61.14240794816085,535.295997613633,0.9546911726929551,82.97602310289854,7.812339810920451,226.2643073460886,优等品
0.9582271526230287,0.9584259492736277,67.39740880930437,451.7827844355709,0.846007181356707,73.51128695215202,7.8227030422270465,215.5208484071425,良好
0.9689016175937436,0.9206209930915209,63.64923983666519,552.3458421987048,0.9366359664792594,86.67527175956086,7.801830182940071,200.9734564001218,优等品
0.9894204945823728,0.8892488025897147,67.49953829381055,505.09243303911984,0.9763894013555823,87.90283843517807,7.897328850178669,197.46598281704982,优等品
0.9172719396158703,0.8588049463833702,64.45920289797407,377.66818686001943,0.9711424588576387,75.5057154139518,7.826825380511784,207.8717607393603,良好
0.9381099260810198,0.9396805877586294,58.49662819778159,509.60550088399367,0.9326551891490518,73.93844697288232,7.671905504095074,225.86250322264965,良好
0.8036683291222486,0.5631941717856319,52.983344897754165,229.81968781022272,0.2423421388219218,44.17383138516837,7.629916266329235,174.25968351726777,差
0.9029103415460679,0.8767831176310417,63.33532736364177,487.5587787481917,0.9388728915787546,81.76010928997329,7.811883832287411,228.83720952454686,良好
0.835204305633732,0.7869885940208211,48.93100842949308,426.70707211168474,0.45266938287074426,81.25004654945639,7.859544109276463,198.42374287491324,中等
0.7120667399228614,0.6543256964974273,38.5968377195284,320.9195979552487,0.5492438694664707,40.676089322439736,7.487137909976151,114.4523949712824,差
0.7874849010722434,0.8580291898690775,28.324991761192855,239.1454702518583,0.7255288501105843,64.08363248059337,7.146097952729505,106.14052626444442,差
0.9601859064728401,0.9510092469390974,63.87011387035526,416.4655247999677,0.9161470904567292,73.11131950018626,7.720094330453276,214.27834535466886,良好
1.0030944410140266,0.9392312484446176,66.186121043557,520.0173544228772,0.9707610445907153,82.47935663174168,7.86485800119041,213.06347533932023,优等品
0.934757331029718,0.8223146838184818,65.36706351205223,430.9574976888853,0.8185319100141701,88.14971115661257,7.840258590762599,200.4175080541952,良好
0.9863279606578825,0.9689967593034527,66.3687484655856,479.9799985635056,0.8819119814658678,90.5631715260165,7.792129210489228,218.31498866931662,优等品
0.9697721758699834,0.8637571036750727,62.35695631382495,468.25423892530785,0.7753504729051086,82.29445975379923,7.752649914692553,206.7339510801986,良好
0.9616924590497348,0.8573654925745233,55.89835769433766,471.60071206892565,0.773756762930812,69.84158933044326,7.854237597671722,219.51897923147484,良好
0.9989851170455156,0.9706086989629603,72.35710973860617,459.56012646898495,0.8780236220991172,87.72291200396813,7.800423647944768,212.68812356412155,优等品
0.6958579735565829,0.32924343063278916,40.80319572625212,320.19306941294445,0.4790961583414643,51.72859800458028,7.548215215760659,261.2206086247832,差
0.8440740306620451,0.8622174999023627,52.74039268466886,394.22833952372633,0.8073558836877425,62.108396120110584,7.7417208250694,188.38682675247335,中等
0.900083151146274,0.6943465302866723,61.68194952744707,374.9913615606622,0.7366372270273229,74.75490847265469,7.748263738989483,204.5517763910601,中等
0.7823160081567913,0.7274063583516149,17.92452434328645,241.14083461731727,0.626213157163118,28.50439393073219,7.630778522054205,193.7641219743641,差
0.9800190537223097,0.9384352027726293,68.93348688981085,525.6560452324479,0.9227025831423001,91.76019682987163,7.896312874554219,231.93449550288386,优等品
0.9896490353321541,0.9322581581048586,67.34608216272238,504.8838985429974,0.8910524121325539,81.33536980945732,7.924273868463627,209.35227740202123,优等品
0.7764649966971835,0.8439874466985502,38.643987600991174,208.20909711094401,0.38932077131965215,62.220960824325225,7.769334600280229,201.59364357571408,差
0.8364164690283167,0.6396627939221458,47.077916141550176,282.8161779049137,0.5488437022776634,37.62899030746456,7.65775080877709,226.5736554945658,差
0.7171982620879672,0.6077363730284097,44.092125786065466,260.2765112220225,0.762976673105958,52.970853888277254,7.334339492084622,144.84128979201407,差
0.848806203264153,0.875171411638819,54.75306596716536,420.24279690900397,0.6614331815993584,83.6235450937323,7.582353409821983,170.4821547312011,中等
0.8699618843640912,0.8373810835026573,54.35252788753743,422.65075941217486,0.6187511309663687,64.53895728219985,7.59987941761008,195.2515153920063,中等
0.8930124905788289,0.7700225473410811,60.109303975313296,425.74338990489247,0.6705340815854196,72.53221902282897,7.797078633107481,197.26668927810604,中等
0.8930062483141759,0.6718633974380283,48.56388973574504,452.7269230443879,0.6730333590988611,60.550212325149445,7.774460107891899,207.1901979242488,中等
0.8500961229624181,0.6253683554298096,44.91739640756221,378.10042994388516,0.43293930911070594,45.994943573494524,7.533076953804772,208.12536863226643,差
1.0005004904155343,0.9817017473384125,61.809936500509046,498.09830443895567,0.9380113018538715,82.88154641544662,7.75598557947156,201.1428620020031,优等品
0.8766362066916596,0.7377876979057331,47.23893343973726,390.74629823883527,0.6723305947027856,73.77516954607212,7.729825412614279,176.65476715645426,中等
0.9051983361922609,0.7272540692178266,51.804214098591125,350.2751138786639,0.6757340834227622,69.28849621355914,7.702187719656454,207.16983297356157,中等
0.8364650433022378,0.5899304127182823,31.516221961178616,200.34955056775416,0.6675490711340062,16.149123420658718,7.8085776211078235,193.57922296596382,差
0.904884173378105,0.9378622273865512,63.127922968375,408.9349806846328,0.8180183590845553,69.34385771966451,7.8669592923706935,189.8097165494726,良好
0.9767844421348895,0.8919773676362126,67.12277546592387,476.2768724274394,0.8484322576472787,88.00366507572795,7.894262816043297,226.62931447189837,优等品
0.9720580813345057,0.95929180337408,63.646091406969006,531.745102814723,0.9392855420265727,87.0578285958214,7.9042250265145455,190.10053730178876,优等品
1.0104870825769885,0.9832013127286194,63.71504522660673,475.9318449819644,0.9499498170842132,73.07443150653482,7.767387866132325,212.87272514027427,优等品
0.775348817291407,0.6761174039051638,55.582949567724484,316.4077015035781,0.5296190427454306,73.80349485549637,7.455450357369596,157.3398230987276,差
0.946663705186032,0.9142809687109241,60.744043808397954,471.3156688090816,0.8176289183967242,63.01407910544678,7.889654856513808,198.01073532891922,良好
0.941084850804063,0.8683395750896803,60.63412342567481,489.7765811283034,0.8985409720165125,76.78439101222412,7.831014390322627,213.21608468106342,良好
0.94358432276296,0.8424327265198315,67.07602263350911,449.9351313214648,0.7752324884081223,80.62915220643846,7.734867739472191,196.48829078157473,良好
0.9765007436213873,0.9088376243819115,67.7148861244826,462.9056514022295,0.9367163527276752,99.32606011542981,7.819081748997793,204.67856109826897,优等品
0.733000813882424,0.6791745274008723,39.57143752339662,261.7226410987159,0.6554827382285117,38.45439351143217,7.69305287687609,157.5940622357201,差
0.9629225935204834,0.8058801606502115,59.233697233003475,481.8536007899533,0.8516978120667407,75.58736153767116,7.832487521507893,176.33261012109267,良好
0.8295409364804377,0.7590213144493716,70.42670343274249,335.6680415397701,0.6184561734112738,61.23929284706391,7.700624631427393,211.58196880036672,中等
0.9620742648108839,0.8308990251394548,61.38991220109461,414.13657837411233,0.8302465338008436,89.46906887054303,7.790912950910315,209.82376810559134,良好
0.750367533745985,0.6385055167937834,39.24101214920339,324.42527284286507,0.2992041292311173,46.348902878073204,7.552763817135868,152.47312720423744,差
0.9144024978358366,0.8748093757798516,54.71242664853284,454.2891715367661,0.8603998580641276,78.52713286881792,7.896286244362677,229.1930255606069,良好
0.9227591325829048,0.956004587049555,69.20907804693303,442.9132753954095,0.8562068311589113,73.40944068871904,7.706783840002776,232.0229261174828,良好
0.7320434185945562,0.6133941882952013,42.850347420993614,161.2243434488483,0.40750064447204576,35.577922797342396,7.396065104359273,142.33342168595857,差
0.9651435364220404,0.8963585276438896,62.14483974274258,433.836187526704,0.6482716158830365,88.36165658135715,7.8793541047909565,188.58258458747656,良好
0.9735768688805129,0.8663786549534565,60.92413516810827,430.80127415405093,0.9099813302791347,83.96819162386254,7.707440283546851,195.78942757675884,良好
0.972457151471775,0.8878586846198553,67.59220994641684,507.92870630459754,0.9262774293325574,95.49703760251255,7.8306998712175275,219.55703971113866,优等品
0.9627708663453519,0.8903569718389285,55.057354960670494,442.2767170397355,0.9613166373564753,71.61435138913477,7.833481164732564,209.68093197590107,良好
0.9098313619297614,0.7165423042234372,53.64449687561681,414.6387884854119,0.5827595474187648,66.96412105352935,7.597336677447125,188.98928029642462,中等
0.9221694279252389,0.9325992538042615,62.789248013609246,352.0884868801108,0.6573486745220252,71.70867792471024,7.726317069575846,206.07254818716464,中等
0.8153567711575357,0.5285335883159007,19.799435854767747,243.2469458587563,0.6904230391192316,48.60109001687353,7.372186933433596,228.27731536491893,差
0.8542535190468512,0.7990990340233085,52.157502717718074,409.40786322179326,0.7417486481088605,74.78549654621051,7.580855755354556,232.25738242800355,中等
0.8941844520978349,0.7910908022824361,48.058432460633384,358.247369988207,0.672873058332252,57.81746098582271,7.716027849864318,200.80075606107803,中等
0.9854014073768486,0.9316646854394202,59.7865861524605,436.3973835463948,0.9459935509050956,97.09388889656732,7.880205372771952,196.47134111035962,优等品
0.9882537626871358,0.7956360460179416,64.90574857785177,444.33349472511026,0.7825361350972038,66.72831402566368,7.879018281273968,187.01193512356537,良好
0.9158988136248173,0.8636044916184965,39.02387431146614,346.95794016237096,0.7288110468801757,67.53503418873441,7.7685323154309645,173.44512130139313,中等
0.8722884784556842,0.8177293447549066,43.13241693693617,288.5850962216797,0.466407803557817,58.558770501797895,7.37497851586127,206.48497330346763,差
0.9899033557868665,0.9529794144485404,69.18630224659756,486.7917608944759,0.9200897436439054,91.80084065414006,7.9416280620178,217.12481764433804,优等品
0.9582076655357378,0.8405976188383496,56.70488086670165,475.24897427887134,0.8028067683000053,74.08468612404464,7.68601874770228,217.67909945563144,良好
0.972223190376298,0.9519507389356634,66.7221257926521,484.7271858406529,0.8860055730131907,82.48174869812202,7.911841623306363,221.64990882563922,优等品
0.8232917989301481,0.5762687765804781,26.291579551709944,328.9648626468363,0.6812109432370386,70.17027759845922,7.643682339555326,158.80823997008252,差
0.9270056412164136,0.7986628032870298,56.28520133033009,418.9565312794176,0.7742602813054942,63.70008591385161,7.6583900130790115,185.3966083158553,中等
0.9446815985160889,0.819804317551681,58.873242574779,443.152825208144,0.7921465248936486,87.19589891208295,7.6761944164690945,187.10539943471295,良好
0.8706881159057346,0.8256752795153759,43.784587252172415,354.48544202184684,0.5550409827273968,69.94967705990759,7.7930810359538825,223.47797874493702,中等
0.7357906058922611,0.5353471520523485,18.3883789642829,294.4625966717267,0.32071180266045,52.556644980820444,7.249615547905309,173.90388314294125,差
0.7503836596660753,0.5806005207433375,48.0954188825294,290.19668266308895,0.39300713378597474,51.973274602662435,7.522751536696055,183.69494105751937,差
0.9872311064423119,0.9718931881110258,64.06196849104018,499.1534636318831,0.9253991960362615,84.63571155579473,7.849908562057794,210.92627587948922,优等品
1.0109109427273248,1.013648939219906,65.94301604939429,524.5394463336158,0.8881095653570032,83.23956126273059,7.881610815701592,213.70340267328845,优等品
0.9929137898481595,1.0210224309208136,68.15663346787117,507.06367385333346,0.948853609191757,83.5596860082436,7.881147201520665,208.5351932927184,优等品
0.9709640793535055,0.8902398938640959,63.670531679036245,480.35926781840453,0.9164129097877043,77.03183175192349,7.924632434585468,214.54829810309897,良好
0.9437664822846953,0.8644801598122015,62.7991422441403,466.67492250360164,0.8234508110542417,61.572107610752894,7.892187891116954,224.50938101583938,良好
0.8969689870566016,0.711248063134624,55.50078980734607,366.0940067816833,0.7741409116370047,76.49644782706652,7.617073474712733,212.3478898599595,中等
0.9503274848386258,0.8628332412073776,61.53519618625911,500.30452450306603,0.6848107777853086,65.1178950496656,7.831999724235488,230.11406149106696,良好
0.9836672729528972,0.9515917793879786,67.59031184056964,507.51884696309907,0.9083051099773204,87.92262025918717,7.872017699693895,203.66410484506187,优等品
0.9622653108932229,0.9000084802600249,59.2228878373612,405.1641210492736,0.8998820639060687,84.8572671073863,7.865805833696038,222.9576779719287,良好
0.9379932268198702,0.9507420331412777,62.82388132157075,511.29521530350485,0.8676151451364106,74.77037252801675,7.692405777034786,220.92724968984598,良好
1.003534536476212,0.9946879822834295,67.0983927406871,480.87537695524964,1.0061537358823125,92.49005885152214,7.772028211043688,192.94040905109264,优等品
0.9791158876432715,1.0025958440619676,62.215340097955945,553.4871680019543,0.8842967441008911,83.62678125316852,7.799291789093651,208.12272976420115,优等品
0.9989811732412235,0.8704451581086515,61.13718414904082,470.57635974759324,0.9346676018161492,89.02787351403087,7.933232091098313,213.16067869729952,优等品
0.9909715578708624,0.9379080239588983,70.83058664336659,493.59220273384875,0.8550948048156422,83.09772047916825,7.811902938093246,204.07297177042892,优等品
0.8169219792423693,0.9310100096500804,57.44414533073498,358.92585014168185,0.5985585937601879,58.34173229104036,7.61325982457861,206.8360238229003,中等
0.7248418240476822,0.5612511336730309,46.61736612096948,338.6801785599045,0.565975810212878,39.749284452198054,7.4303067617276035,207.06451308509207,差
0.8416874631300665,0.681640387383353,57.783019312283606,432.8713643557068,0.9165252233944696,78.03365892729146,7.802117921420812,182.88019907830176,中等
0.9902109274785058,0.9506924197685126,68.53475854264401,530.4781167069067,0.8557200442973614,80.46892333976395,7.89395070772785,208.39925513391694,优等品
1.001373810976289,0.949638693411202,59.6175694664042,581.6573644371948,0.968125129597665,69.3074266688298,7.8960512919865495,216.13460165671836,优等品
0.8116102118706956,0.708253700868291,63.68334542400437,312.9476005335019,0.7763860029741252,38.267308190710494,7.547713225228415,142.75538154176988,差
0.9279045065271696,0.9631993139904049,51.71428207433848,418.47694984385316,0.7886826855184169,80.07144342580551,7.818162308831115,188.90214588899426,良好
0.9200553521103165,0.8665815600431309,51.496863751743106,498.2614289381721,0.9887233563538095,86.12313862940178,7.809144700244739,188.89460730703803,良好
0.9776638903065868,0.7859782227968459,55.06670486137945,460.95644347388713,0.919736206847905,73.22422377679108,7.700387953923193,194.16478893077456,良好
0.9419758158691064,0.9285706178836179,62.30207824921412,428.3410797397132,0.9639163076432933,75.46317733940828,7.686445344276399,188.94000390714731,良好
0.6837421422401119,0.640848533814647,42.94016399306631,270.34570370340407,0.5976043949883042,45.340561402446795,7.546334536839012,190.95275403153116,差
0.9807510263806868,0.9584814293469747,60.409221672647696,429.17477573750807,0.9522747966372572,90.60938022193103,7.8310739690942,186.5825715091451,良好
0.8400265065700538,0.8418838092085614,65.7448698348067,443.50440126274486,0.8955401337726192,70.1446326746755,7.653379151945738,217.9392573651034,中等
0.827490930316417,0.5022927853858599,51.12292449891728,304.2964812289206,0.40308763926772684,38.462565220367736,7.601752666209861,127.20608265728765,差
0.7851982338397117,0.547874519314387,35.66649444915474,270.7661335608619,0.6233484295990068,40.78364713328237,7.237817598585568,185.51630648476882,差
0.6658308933478587,0.6452274377648579,54.82832866385907,233.64178662081397,0.6651263622725947,25.66519080059352,7.273895908793408,153.53584931668496,差
0.6754460038194263,0.5053686177252203,40.17428952958102,249.9293717828179,0.6163504389964296,74.10528512373921,7.253804300638948,187.66495854625842,差
0.9135380146818146,0.7261268608352103,55.13889274635377,376.3515284059361,0.8710166095365319,76.98302549689035,7.6451961026367785,220.92513419496004,中等
1.0016337605516354,0.9215375391419599,59.16042414092341,486.05698328264816,0.9366615267495011,87.71101503454524,7.786550871137274,201.49024919318435,优等品
0.8867198490670315,0.8559911254599434,71.60961092744485,298.44661874025104,0.7799671977337926,63.50349806157186,7.696734304114657,204.22661426070843,中等
0.7441964594939758,0.6459575488311066,56.0284424717797,326.0916476863509,0.510017904357888,45.78181306567567,7.755049402584395,170.45101776625373,差
0.7714405590216503,0.42898248986082055,47.09114389633284,233.2847771912973,0.5223083508344426,29.202658689631352,7.250267315047474,172.9737737742848,差
0.8463125596765729,0.9448338158755759,66.82126901059667,390.06972793576404,0.7214313451907737,77.70462636906666,7.604301740318745,189.32627558145654,中等
0.8505770546901239,0.766058637242646,47.2103047363933,375.5714466365605,0.8024584683047614,69.63427820386131,7.920096147723487,220.95833011321525,中等
0.7542671977760255,0.500998628609686,40.565076744292675,250.4269052569769,0.5374883897880158,51.15099289089435,7.819729518718222,188.9570101747344,差
1.0000223616670292,0.9210563078711094,66.82740655716054,499.07640492759754,0.8690565021466633,88.61518969789932,7.926416578174312,200.71734161344006,优等品
0.989684814866719,0.9706171535118586,59.57219685623522,520.1014901544658,0.8582148488975296,87.33845051929443,7.8505272855870505,205.07081725050747,优等品
0.9823408984904336,0.844666544796343,61.08344548748837,481.27770141807673,0.7093432898675651,64.39087620586207,7.711450376677275,206.8529380276164,良好
0.9846120969542329,0.8985190025506793,63.74310966343629,484.99216950239975,0.9927800239628649,82.25420529118112,7.981833457097279,220.27479343352692,优等品
0.9566416292283362,0.9539060613049742,62.38215083358563,425.55995503641486,0.8526218910044625,67.68399944220816,7.873843586178141,186.05555594699015,良好
0.9176165388696826,0.9391774551290802,59.50639552772164,441.35994313707545,0.7492748070841445,65.7392141232179,7.711219989768938,212.88905920381976,良好
0.9846812224971067,1.0006264416571038,60.73136927656534,474.3980157788267,0.9572293199236566,92.50976482594298,7.757587073496079,209.212115999197,优等品
0.8682039698895343,0.7627689368911938,56.98753109464512,371.99806632103275,0.9733115917132177,77.10907035033749,7.730244077592185,176.04938518055775,中等
0.7393114875968826,0.6714549761463505,49.45497304659395,317.366147513653,0.5504796985922933,29.599646355341083,7.272880546894895,179.44287684365491,差
0.7862709413578883,0.6046461273154189,46.62306142368302,178.7873829176168,0.4847769080700829,59.290239431520476,7.3750454834444765,145.52636824494283,差
0.9435040916489156,0.8263261040700403,49.40984273913929,357.2389709558647,0.8304942573637347,50.737860380421104,7.666366074430739,175.644953209058,中等
0.6672180319914959,0.47991810001649593,29.089532828059255,198.66748833015242,0.7238000535011953,43.577820035107926,7.546305696043504,156.26549091229444,差
1.0008314521266073,0.964272559754946,61.946265528568524,514.1152954213567,0.8795054950455297,80.29298415498988,7.848740565823526,213.3237683351961,优等品
0.9978518508231038,0.9541895502264769,63.10957150957296,496.1336786393374,0.8783200858516798,84.8348736814022,7.658167222577031,212.33865101009246,优等品
1.0001083973502032,0.9356937061806849,56.13725317627391,492.069325003896,0.9404842671873275,85.8331894765592,7.797478118562201,209.11626712473603,优等品
0.7498876899121439,0.8448586988174057,39.078341891785236,285.10275161201093,0.4995694394999854,27.981227335417987,7.492710535948392,130.64789923264627,差
0.8668345002856549,0.7001143690814049,44.943254452677,354.4658030902175,0.7582864841868996,72.91003945957753,7.788278617236965,178.7237271614214,中等
0.9025867324448136,0.6198635198619573,53.288835788297185,387.1714468518662,0.64522250538609,82.70661990652289,7.638143687229937,217.21355368108183,中等
0.8954698189025019,0.7333501734940562,50.54256319407024,409.57855092265487,0.857502121451091,70.27325906823191,7.751285125456496,135.66493862518539,中等
0.9443258654327054,0.8932581961373294,54.821979719773026,487.55828712939405,0.873373506256586,79.45736502169682,7.735479229677953,225.4151005715466,良好
0.8615516769245187,0.7278970028013455,52.4835963490699,338.68173573670657,0.8187902082892398,54.74718628047559,7.642380526016835,200.50792468286417,中等
0.9302611452699688,0.9371103696442779,59.74382082233904,428.661902168964,0.9477443747981361,84.0255195978604,7.813268722143894,191.4861832216877,良好
0.7214132088625334,0.5640088906433328,45.881379513426594,252.29529751923238,0.6550893095915692,43.924833928239536,7.696402197224318,156.45874306755968,差
0.7522032317456468,0.4685251139689577,47.6339307958197,306.46215009104577,0.5676276428737146,63.0354691329626,7.358651363671529,179.82878651985246,差
0.7607515971471728,0.5964592560954649,45.87694901867812,230.0282034907279,0.6692851373885773,45.183808558111295,7.430027467384712,170.8569728833276,差
0.8776623179296446,0.8568490586002788,50.694945089249124,301.38847279609354,0.8252483377074219,70.62016574358476,7.698996705527425,184.252748213732,中等
0.9351534397424686,0.907029477090612,53.94628686685418,459.2877801856931,0.8883951792918623,78.57830677699896,7.811473410454518,208.4110761848743,良好
0.8767766535461725,0.8108933198398711,38.82235473972776,335.3083389680455,0.7836601427562166,62.56798499623663,7.564439904882736,187.9667963233157,中等
0.8992007985515299,0.8064490608872324,43.540624570116464,423.93274250901896,0.9330743824831262,56.141850889850545,7.7285450187618645,186.60306008337542,中等
0.990121696822829,0.9464703520519351,67.32868551417232,443.80982507208137,0.8754228255072748,81.85389663576319,7.850999774310321,216.65334534508875,优等品
0.9516255433518214,0.8750342831103984,59.00468723120065,440.08183170688443,0.876469362272508,83.37016109364282,7.79056151243141,169.85441347522237,良好
0.903972042194269,0.7527727613693678,49.46001060838475,365.89375284311325,0.7313426746944636,80.37369793563599,7.81533121486785,199.15840134767916,中等
0.6947927271668041,0.6299199766088895,56.76423417844073,296.3986749751098,0.6300971196127996,65.58090589163274,7.66553150194704,200.59785816283264,差
0.9611374944473629,0.89126283409918,68.33331629613761,447.35550424191973,0.8793284997611044,65.4052662581443,7.81631550860128,199.10910642361273,良好
0.8274004110409346,0.6623235896638817,33.95970114525229,346.72281052619235,0.4051498129229154,36.46524268108186,7.606725284963296,183.9340240917068,差
0.9716148137672793,0.967689176940722,62.53350317993178,500.3558803754235,0.9909517805683632,90.60483511807189,7.881384020893724,206.23577445411806,优等品
0.9435649459201958,0.8237939070569613,49.21777311497483,445.7048552635982,0.9414852835942891,82.67069665231247,7.768196104276337,205.689414040734,良好
0.9746092009551994,0.9307813941997235,58.18343995805728,399.83909390285936,0.824153940585838,70.10847600720602,7.874645328457679,197.70053217716097,良好
0.8870078524378473,0.924924461855513,54.79098961253241,292.8958771147018,0.8124817823053875,76.25414597823085,7.772615961891074,188.84845220872512,中等
0.8754955650394768,0.8918787194455458,58.32464478662451,332.9309256930367,0.829326249595503,71.42450879176901,7.861314149028152,165.32041881065166,中等
0.7547513942636036,0.7384871093794044,41.06072576386838,250.22764745550955,0.5512100139116705,56.32953232150186,7.376202239430463,132.0436389200541,差
1.008055744326868,0.8934161388814692,68.14182922567839,513.832340968893,0.9471516139644827,76.72387643905283,7.836643125702912,199.7624405229215,优等品
0.9753332250639682,0.9055267689225618,58.48865303958737,477.88952185561254,0.7962085132538798,79.67479085867751,7.8387787718375135,223.77921181769736,良好
0.8823123583414448,0.8355461104919439,59.067101775238356,350.96294547217747,0.6829456838583317,57.614591429642445,7.78813110233716,203.60285948630744,中等
0.7685526869107682,0.6773877173442822,41.69693157971284,389.59882475871626,0.622862072118319,48.29627197653817,7.519483468612862,222.33486648079665,差
0.9946079724361596,0.9243853073748687,65.27350443999931,486.7223212167753,0.9529071518001282,77.79044821944095,7.8413063089842705,207.63462616631466,优等品
0.9753266053591257,0.8015305202312658,63.13438531764511,389.0731014330461,0.8907610851143748,84.56114875298448,7.908609570644011,205.89864661119256,良好
0.9898848491192336,0.957086709387927,64.55858148555768,563.3388900229875,0.9646594173603626,82.70561577487501,7.80592831473865,187.84177574979333,优等品
0.9530505176579522,0.8903744398926091,58.620521392799134,436.56856244081,0.8160321467182285,80.17346867600024,7.717891710208808,233.4418491438152,良好
0.7460075423256102,0.46706409410659355,40.005393626288786,275.3628857520223,0.6022142937681018,67.1134396572541,7.243717004044394,177.35830796652823,差
0.9831346124684623,0.9894222494457381,65.67178062183982,506.51623812585206,0.9076332018051791,83.93955165039787,7.762156565029924,212.42070670287967,优等品
0.9646430245210946,0.8212898852139927,56.68417704936908,422.3889506705118,0.8119686206228366,72.14160360210329,7.904397015103234,213.87502074539697,良好
0.9905500293603338,0.9461777938283011,63.45518388070018,503.6553339239736,0.8643352582942685,79.37406949134419,7.816050982676843,205.2003535728779,优等品
0.8062549170835295,0.7096226110892355,44.38474891523519,433.427477922765,0.7470196218148559,67.3822393772944,7.84126505449003,199.53085501861992,中等
0.8347734116609974,0.7199981854747427,51.235648338496134,379.4049588452886,0.6763098647768201,62.10421004063872,7.882476811522046,199.51576068171042,中等
0.9747766568171825,0.930704499739189,67.36461242239156,500.23183679527057,0.900235822599191,89.72964792635189,7.91692960691478,196.8845086210132,优等品
0.8181578372793129,0.7810736388310768,55.2005736836454,301.31854889415075,0.8263142300709657,67.23721848260418,7.672175779204905,191.6702883143691,中等
1.0016406015258594,0.9681093721688221,59.27240762306827,544.5123173061112,0.9422072585543629,82.4469575035121,7.810791807082008,185.59295985224915,优等品
1.000687923213943,0.9818376877553635,61.64621717588978,464.6832074764637,0.9849574910273834,83.31061112263096,7.805557015098216,218.63923549962445,优等品
0.7095132266305094,0.5388484197961645,26.140733340297537,375.39373568864164,0.5827853333310574,71.44279487788988,7.715685238894589,197.4486599903067,差
0.7249923659392635,0.5388811497749714,51.72967699164266,258.05315528187964,0.6628069575428245,50.74387741492379,7.204265280737941,130.0475754680547,差
0.9737450772980016,0.881761369063814,64.96860461284182,484.86098773132295,0.9626674488670074,82.17370630394798,7.89834783226724,219.43715505756043,优等品
0.9303073262596409,0.9490069469434257,59.358008670411955,529.6837762998981,0.8813462966172881,87.56141929209133,7.678112175146547,199.967262519504,良好
1.0029998737226213,0.9510281544260066,67.55477313767959,523.8476934162668,0.888437943187965,77.78037226463121,7.777675089822965,235.83573660166567,优等品
0.9282261317904731,0.973453325183913,62.111623987249374,417.73920670173754,0.836116446595089,86.9874182967661,7.748864517299987,178.42154976630334,良好
0.9942865988511319,0.9011753937011019,62.83270493540828,407.37269208721733,0.8129810681602929,78.96507808714763,7.822712884698911,188.3581666683067,良好
0.9355908985864988,0.8612445502528218,58.04487666567212,406.0528250626246,0.7295334075735503,74.99213136518507,7.4862079798705325,191.3111770273356,良好
0.6771976753326783,0.7037171472532004,41.62223216898832,318.64389537743335,0.3763430614088097,42.14235244529907,7.657096517965916,171.18067264982585,差
0.7509645440186972,0.5286689099719788,34.48262148167707,265.1049331683344,0.7580439835409921,33.807891206381825,7.670873864069884,195.93754375255313,差
0.8455077563389632,0.8652339778878064,52.21564994498565,324.57514546016085,0.7291082042629128,77.76138690066921,7.644992196414465,175.997908617087,中等
0.953625078966901,0.9434627835949311,65.25387145236057,431.48574857142484,0.8886026967856948,94.0677840878536,7.883737017102061,215.45576468259588,良好
0.7535710416290546,0.7671262460303634,55.62265110655069,228.7647821487569,0.5964085663689731,82.35823831171606,7.231773993468858,169.91254545755618,差
0.8694236127179014,0.8204209074539361,58.645075488627214,349.95851804520424,0.8095131185913769,72.08610747563917,7.848378741462102,197.45457815410967,中等
0.8613198470034286,0.6207087880836267,50.13853064149297,373.91556571563655,0.772442003838225,66.30671142884952,7.7753723563800445,154.72350487437845,中等
0.923419847255531,0.9240531093690333,61.1882132814998,476.34527811162036,0.8759825275288091,80.88604603731068,7.761229714831994,218.0170818931367,良好
0.8470856839068861,0.8199857308779048,53.91827188454512,372.7483154235789,0.5346411887055448,63.97166571525196,7.706406112697483,203.45257234385133,中等
0.9923209463792854,0.9482818876753369,66.99093904109853,466.142279807089,0.9556633125398272,93.18541203996371,7.893891301561956,212.5699744558583,优等品
0.940967178216461,0.850613101534005,61.07084470565875,490.87852620240017,0.9177471956375332,88.58162575991183,7.835736288864731,210.54888419506585,良好
0.8985658099043391,0.7879990531012442,36.476736438935895,420.38697779920756,0.8037179814541736,64.09605532882857,7.529492721773187,204.2864112165333,中等
0.9787273620744585,0.9484759763414139,61.487225318577636,514.7598046050949,0.9089534137530194,85.29952628398219,7.9592865308361285,200.94202786628853,优等品
0.9163627215796821,0.7897992740299564,61.545251066397896,334.83534446104454,0.7633499419061371,86.05668878116265,7.735071854738686,172.6787164785621,中等
0.990223392393186,0.9542897190442764,67.15750599906632,468.3203056421947,0.9741791551554998,79.9968531375838,7.8231010735589015,211.14941771759132,优等品
0.8950763873936255,0.7511015845668502,51.28145998584558,400.40480292849725,0.7849615331028386,74.55554358288452,7.618306932040978,197.36660437796405,中等
0.9949888319476822,0.966442007741215,68.1786967178702,529.1733199375403,0.8687017591259611,81.09928059306114,7.889537965611626,196.76350429157822,优等品
0.7369109638828647,0.3006293397339377,28.75834015238066,268.15869067992014,0.6408315973878375,53.30193781231664,7.2550886119549824,209.196622032035,差
0.9784691566826021,0.9058662078387945,64.23657177006397,468.2288863396371,0.9036676218405695,85.41936250880467,7.883825373821998,213.32372333223984,优等品
0.7099912350667947,0.44748145633378017,44.54875800663844,341.62421803864834,0.7564347955953359,55.34715657004238,7.2364400495782055,150.91404676393614,差
0.9432093968666803,0.8259293309630357,57.81742568367228,430.3382234477238,0.7717648931557889,79.47970069873669,7.664957253984186,208.6824802269147,良好
0.7119857780689203,0.683801405453631,41.73923511975153,270.0745568690864,0.6630466422450195,40.49540201134134,7.394527332455978,188.55387177164656,差
0.997663884765724,0.9706461591935864,70.29474141665231,437.94872853706903,0.9168553066550071,83.98830546564956,7.860641219933498,202.04344866174193,优等品
0.9876627594214827,0.924684383677253,64.44773939895224,474.5268544702933,0.9295944772510825,88.5736586375885,7.809925803908449,208.30725561667376,优等品
0.9696764623570161,0.9902654039373455,66.42390045670038,497.8067809397318,1.0018605822351427,83.40920749191035,7.833325685951515,210.65788648648962,优等品
0.6931812416648071,0.6642717152631483,45.13521369254735,256.29598563236743,0.44511339036563874,44.46795102216697,7.662907091939065,157.0363687061174,差
0.9497600531074455,0.8956432825745455,58.93036766824417,425.3085717248445,0.7520490181313636,74.39705446994665,7.789337702781667,217.34482888004982,良好
0.8280251621509802,0.842494026903008,49.28756079566196,285.27094247638485,0.6744539198607118,55.22628866449382,7.866140595518124,224.03853264629444,中等
0.9595628115111161,0.8628847578275426,62.316507551171156,532.1805955761904,0.7978845960109054,60.98533209760588,7.850047304200524,209.78212509442383,良好
0.8374184693261187,0.9679286846420027,44.37955609858673,317.67190169202865,0.5157521662334653,34.244208998223996,7.757461708786129,192.38849085409657,中等
0.9536971730812073,0.8656445247568829,50.87171002167696,405.73068049082195,0.8563663637245248,78.50961887812616,7.699891505420857,206.86577150361572,良好
0.9376364991579966,0.9277967911165381,66.84547291381426,434.46080372914076,0.76460528536316,66.72627361580389,7.885718074420365,197.4441649475582,良好
0.8801839435130568,0.7619421894710292,41.30777050716907,348.4568244658295,0.9671192861062495,65.42275438413705,7.499229918499311,214.71896766629442,中等
0.6566877032575205,0.5927177567409657,33.41526404738744,387.0735333312152,0.5530020707502417,35.55997198386462,7.484378197977442,210.3762500953315,差
0.9541698394115116,0.9089454909034567,58.8576372809523,492.7199111223589,0.8611455704583648,89.12514876759965,7.826020759858366,201.48238697281164,良好
0.7154993700092708,0.36745798458603196,42.39466988780435,237.45826586110167,0.4746120229141473,74.22174881370991,7.137672030576322,169.4095773701519,差
0.7152159627916742,0.6073886936124554,33.92190019970342,296.4681001381939,0.6480052575693829,64.92954350793835,7.492347743507169,95.88010151361797,差
0.9784305860277053,0.9548194982105934,65.60715011179609,451.81229634794124,0.9295562116918197,76.87439370558738,7.837671447287021,192.20561074576568,优等品
0.9821764607749801,0.9477696401072442,73.82914500580587,537.8254855999793,0.9971368183639888,88.04133583172094,7.83634966259887,207.8480367643982,优等品
0.9354598920689965,0.8076496275721157,59.74520006606251,338.37616891383055,0.6649217251371846,76.88987749183643,7.956238534877115,195.30246523169106,中等
0.6788970751416035,0.6610439819809493,48.329454428250415,331.6411252821178,0.5936925498535385,46.844635943346326,7.33688164575617,262.8976668842765,差
1.0060791506111915,0.9584369147665581,63.873499879773284,473.07021844174835,0.9413981313276318,85.50861604235885,7.88061349050527,230.52073311421935,优等品
0.9583810146950692,0.9117550005798962,50.28751154519115,438.68962689482527,0.8334147123193404,74.96300402658532,7.718753489627956,206.6562707041918,良好
0.6984956972547784,0.5508233387343797,59.59683981955883,226.96462301029928,0.5500477917197603,23.633188640868912,7.356105523132412,169.29146061744632,差
0.9897756394801942,0.9415054434536037,66.31745040110125,511.8910086940205,0.9171081693811204,86.62379119766771,7.884116939102983,204.10746269204932,优等品
0.9902443184017803,0.9607904254305896,70.9170334372466,458.02315222326104,0.9501236718141182,86.60465030962828,7.906059407128495,207.94160140078657,优等品
0.994498272137265,0.985737820448955,62.065235185818565,500.0534912331383,0.9119934930201031,79.93677779278455,7.825521467648466,231.90417001188422,优等品
0.727941165460312,0.5699064707029866,26.05702249795582,258.3347701967878,0.7919170349045559,39.7885033013146,7.658123543767996,174.8454049771522,差
0.6664333866182613,0.6259595646698953,47.193276018294384,325.19280678496943,0.5411610468215423,51.3690784725136,7.570607849683,151.86458418320615,差
0.9996779446900342,0.9600883366774269,63.62592445095633,533.1116004116778,1.0201213733822398,79.5979633536075,7.829532971239068,192.44494411295372,优等品
0.9838183955131637,1.0085932159481772,63.246797070211905,481.4967391544088,0.9579893618476539,70.74984945341409,7.859150646415574,206.76832334297515,优等品
0.8250048864490381,0.9098823368713446,43.79646249543764,329.98647386116056,0.7101672987118371,56.18004478102175,7.613076364183585,198.7401544294944,中等
1.006053559623618,0.9311555180073307,63.64701794891207,555.56120134441,0.9308859100543584,83.36693109669393,7.902805062583499,207.11849737577484,优等品
0.6845011722812501,0.632889153672704,33.369078261746125,208.3972712533708,0.4815256585743857,32.444246028434904,7.586424048796754,164.9368418168627,差
0.9757686724500677,0.8873237805826659,57.46141615425143,479.1694779724301,0.7702188033625268,87.52423714974141,7.714735783092099,196.91822743228917,良好
0.921573001093629,0.8366557707558266,58.98697113540963,492.10189242939,0.754163363012747,55.584707444096864,7.812587725413846,220.0123074665262,良好
1.002239363442379,0.988591464109866,65.88184816382949,487.4665096245914,0.8787674829854657,94.92690197630147,7.8894145828318,211.504744987739,优等品
0.797787207338952,0.7973924682181603,50.16197038479064,390.10372530806563,0.6752570746750796,66.72841403125116,7.638648865055657,213.06116333473867,中等
0.8377531969507765,0.7111649225546534,41.7652268136321,323.7451836488485,0.7816087822108934,43.224938813709834,7.864373732235485,217.6953722973353,中等
0.9109131635691038,0.8998837088535884,58.19109706167217,355.8561140354433,0.8679263158579229,85.77294768030454,7.603596748068117,245.46746662799114,中等
0.9230458153938119,0.7997647495101095,56.75765399990431,382.650697295438,0.8254361327259918,86.35220103553904,7.799434967635934,230.69067116914408,良好
0.844920542047406,0.8510243148463079,54.480165670632026,370.91332311920473,0.6855071539677702,61.0623339250325,7.667221730417612,199.47047525083073,中等
0.9435218229356815,1.0378885641522149,53.24354798650783,472.8378277841549,0.7862049506343921,68.48847105557321,7.800174687266963,192.48439581557318,良好
0.8834998525350851,0.8230569284393806,56.59484595842981,458.9472546358988,0.64737576246971,77.63226533893939,7.9062127538723255,190.0416794851398,中等
0.8317707606843041,0.7579614147856782,51.56504753471484,383.56436302747306,0.7240278828923468,71.14267421801183,7.892444222656032,176.6873540728308,中等
1.009120054690527,0.9449474086391335,63.81968631117635,480.79536629496164,0.9054779258994425,81.72615112188025,7.863125144542591,212.49609458209713,优等品
0.9870731454102473,0.9491784703878876,66.94664577771152,522.7850011254836,0.8132100075632598,80.57014633051112,7.835592198474444,212.29094831646378,优等品
0.9595925063910314,0.8635812370291599,61.4101810523111,437.05940212862174,0.8431026321594037,76.00275569424865,7.773518053263353,216.9379571851184,良好
0.9905519924253009,0.897823845434816,64.25635964276401,511.81925677593205,0.9317129632228384,89.88923782327166,7.783366077948739,204.89936049903918,优等品
0.8216942234098135,0.5503123872658472,48.98726774013644,336.9820230566722,0.4341776554432087,60.31645772842653,7.588971644119664,180.49243445743946,差
0.6874386042311162,0.6787543324326866,39.93665859534744,236.790761378706,0.8003212121951058,45.45360920462411,7.300448443468129,171.14234058189376,差
0.9332364703533693,0.9004570461387997,52.311460957349986,467.9231336405157,0.879827379892466,83.81737007627159,7.879410248238354,239.8391383789415,良好
0.9550438970846857,0.9017605764144802,58.49236852115327,438.0122601626844,0.9647341629216261,76.26538359822285,7.765520303982415,192.575593594774,良好
0.8765902947250288,0.788249406595651,47.05971106440961,414.23574270249463,0.716393330349426,62.02721064153752,7.487429293826739,220.251548139283,中等
0.8956368997193362,0.7807516283660679,38.77207561464918,465.2681178256542,0.8807964192549343,64.16905078840206,7.800995870691809,213.1570476981974,中等
0.9071713823936058,0.8650465457384973,56.92928234376408,465.6679206404189,0.9897192505275697,82.64799631969353,7.934116396953173,178.36026629557162,良好
0.9671422275550505,0.9220068176843866,60.45850849626544,543.0671297949087,0.9062024274151931,84.58108450055468,7.930793624506116,209.75870889545027,优等品
0.8598607722588674,0.7346549345758129,51.33412585712571,308.4405833382124,0.6063647542960839,68.32863373980213,7.5981314412355445,181.6328367201822,中等
0.9641919895876713,0.8152370689666439,59.30228978536048,445.91974879490954,0.9631015718633007,71.57252580662994,7.7314046056362224,193.23518544549617,良好
0.7671777288519968,0.36639303949787366,32.36893646554525,267.23680498414484,0.6781656626710835,41.01045817064412,7.374125157758709,197.63159384143776,差
0.9844322122715663,0.9438761069338185,61.59748656416663,475.90667498140056,0.8952904988466543,75.94005331218973,7.877231228724966,204.01720665802154,优等品
0.9625947902881747,0.8217668325743803,64.13211162095882,463.3586059870476,0.7695747899202211,80.1544495164987,7.825859775002685,208.65836412430676,良好
0.8070392900226238,0.5865009772022939,35.43831652519941,229.68516043110986,0.49686720761250397,48.13315055428367,7.848276731057341,196.1627058660135,差
0.9274960434452455,0.9134542605133762,64.48398666016618,382.97678201503624,0.9092100531284195,79.71986253963638,7.854852511401097,211.50621414022802,良好
0.8602949359391671,0.7894680052524142,45.042553495772246,435.1346023037189,0.8167218939304528,62.47075983763766,7.926713894510031,218.4223812947514,中等
0.977140002934835,0.9369983129994154,69.61759160052472,514.0562048463821,0.9533774040184998,85.011158110812,7.84201257510042,217.69135779310034,优等品
0.8340382856694095,0.48724090487912364,26.41743013877513,237.04196660896346,0.5317394119324562,52.44883439438248,7.6610479715808815,173.45456943321426,差
0.9546346188406079,0.9083301074196363,62.1678123009594,486.437776153579,0.7270775447694369,67.22571470307652,7.794706725236285,209.34866761056495,良好
0.960539627827275,0.9109541584694005,55.30766447129457,489.816607617979,0.7694244009978417,82.44660822060102,7.713947961314009,191.65232843588288,良好
0.8640149119366023,0.8685169416649657,58.51621167954286,352.360454122741,0.7865169001048321,65.38991275827686,7.690175098737099,245.16612546113126,中等
0.9251844172232484,0.7199066224300897,46.5835359477654,354.72763951732367,0.8146743935418644,84.04735012294853,7.933875573373714,219.1500638990384,中等
0.7230636859826779,0.3775615891391131,36.62973625318623,317.77350196395014,0.6132740929241316,45.14028723949134,7.530929708647325,185.9325539292785,差
0.9503650492171222,0.8572414108023119,52.27471796296783,447.44488668674614,0.729935838779026,78.82705596969676,7.775861355683309,212.51693914096865,良好
0.9787434503219942,0.948087641434881,61.82359955525654,563.7366868948704,0.8495540448654738,84.39706405763265,7.908128683409392,213.77263259342226,优等品
0.8055815737070526,0.6889263424758976,35.74075400682434,195.5913673237077,0.59057702131996,19.484661981734558,7.2080426656164,205.38273404421284,差
1.0044367031916623,0.9846408130015015,68.53996558906935,498.53510492198893,0.8238614113968832,90.15459669183454,7.86715792770987,209.5908246480493,优等品
0.8946739166994786,0.8758694855498768,46.00980194033945,394.5043949817716,0.8610753172414642,61.35299094848986,7.623321793511999,172.87311685845782,中等
0.7709455805686394,0.6577262367200919,50.73340176863545,292.47119428825874,0.5156823484120928,79.58869856670398,7.6641214951817345,180.49483738040263,差
0.9892250570010701,0.9465856238475873,63.591960600719865,463.2500033401985,0.8337969094565982,83.09981576855323,7.886133741244414,213.82921710057263,优等品
0.7789530786347335,0.5034029075388463,19.64097429895224,312.2785581895893,0.5978256105070638,60.51883459165053,7.454327841468472,152.42147693858564,差
0.8644049756282433,0.7957850729832213,53.58404587070405,369.641915545298,0.8359414254759453,67.20623859979688,7.771166486033962,209.35477413317957,中等
0.762122509031791,0.7065963719731826,41.704846806969144,288.92564400014174,0.3323171175610097,45.96438362167876,7.245743150177179,204.56751955618245,差
0.9334505435940056,0.7674872576965758,46.080174819874344,294.2453326408731,0.717167905730944,78.07117823412374,7.535920824645806,164.80013658841585,中等
0.9542375835765776,0.92533936364662,58.499356065859,417.4238871602724,0.9359623832183944,81.53408519719584,7.689993181346633,201.48131455571217,良好
1.0034917904888871,0.9912383380272966,66.41144898838732,477.95567307397425,0.9607877243326035,85.39957631870018,7.826462245043761,208.15710998167287,优等品
0.8892100918001609,0.6304214670436008,54.511936508752434,441.14039610667044,0.7215204443352566,67.57668104339787,7.674735807157641,192.59005172201282,中等
0.9821740863745186,0.9200920512079361,66.89262681078847,445.1478235747411,0.9019138081953307,96.2701905446056,7.8017553349906805,215.10600690410314,优等品
0.9458124877337617,0.8444931696581309,57.77526804552374,514.4117192193148,0.9146687639732567,84.38801070325776,7.751929025931695,193.43779554078867,良好
0.8654804698119835,0.8279267348235858,53.01931897778824,281.0807541713458,0.6138324969536368,68.54611782910071,7.782884106721837,136.82678511038992,中等
0.9925675079866179,0.9535137264844955,69.07789279809441,465.44956672896967,0.9531420546510817,81.78611808550026,7.899784687718518,209.13662141753272,优等品
0.9985316530641319,0.9444634567344216,67.17347318114518,518.4999192941335,0.9321737538568385,91.72967503919158,7.87925106661439,221.43398107149554,优等品
0.9296800913766394,0.8960093927460937,59.380538183823994,450.564334250125,0.7208200110166935,95.37442133917281,7.801918401521247,220.70431801642314,良好
0.936832345641191,0.8766276720722409,51.15921544123384,386.0952108332617,0.7699192364413748,63.13366809419914,7.717819848999589,200.2013908299563,良好
0.9996476989430244,0.9618679650428882,66.23585899718543,498.8022060987991,0.9129723257248784,86.44014184152745,7.813291906693949,209.83945960751413,优等品
0.9828281809927752,0.94866180403451,65.73487127951601,513.536780484083,0.9206260932164894,91.44601525703436,7.849301338576196,226.41428627722314,优等品
0.8950327002792632,0.8316638113282969,41.91060777999241,426.6447677596904,0.7329776208028821,69.88453596429282,7.777897726528451,194.91714830111692,中等
0.8490668184011722,0.6704428980275153,48.64332503757751,419.7379261235967,0.8110235005693996,66.92016313987389,7.545238868244674,206.39752751959045,中等
0.8118869052874612,0.7157519605809958,44.459477771253034,331.8634898443999,0.5433149650861777,59.63417385006547,7.968810755766525,165.09098987427527,差
0.9818513185109066,0.88686251603704,61.83050878812422,481.1773779672088,0.9651135699971727,87.37629302358656,7.861756764968309,219.4438522283539,优等品
0.8407707225671968,0.7750329041428571,50.27906177789212,384.7675137166389,0.6771209803622616,85.30517951827959,7.6596146094549065,201.7264593864256,中等
0.9810120018975617,0.9876355610714357,62.88825102375337,551.9096544457151,0.88287566111152,83.22896805745606,7.857701592084179,213.78046260427882,优等品
0.9826651793332172,1.011795350052122,64.7983090784116,505.8620966384996,0.7399457447770241,86.63536187438923,7.906809568732127,217.81497239460631,优等品
0.7734265628452562,0.7075390554416414,49.259661298522296,268.26440578904646,0.7539077834846116,67.836946721802,7.5563897747618105,154.0973124198539,差
0.7132512449371367,0.6841041276961619,44.819678270528925,305.046822064648,0.8660410273394779,28.28927999805365,7.448062627311787,168.1590187970026,差
0.7560304273806789,0.6638184040728212,40.5202065043962,357.04481659253725,0.6100552434193842,33.07472993733833,7.431739097067988,166.38496825330026,差
0.7443001723580187,0.6261184541279629,44.34068487183177,201.14289413151278,0.3199911866621905,47.22687234208113,7.235033388859473,184.48138281668415,差
0.9345915040172423,0.9159799748812446,61.47832775741,447.38359065618425,0.8299105732286047,80.99249670504835,7.906760490667027,201.7490231626531,良好
0.9881098570231752,0.9304433425240586,64.88256791909498,490.637842038418,0.9971138313830652,84.71469354284422,7.888879803089614,180.56858434528266,优等品
0.974285800016617,0.9422884277356081,62.68237366447329,467.0716705317282,0.9551746074112513,77.2348236108009,7.895703858211201,211.57634558440944,优等品
0.757613468790375,0.7110499865647384,27.028357036342783,364.5427579847254,0.3450682613646662,76.341523845403,7.81596139148031,172.90693628102943,差
0.6469238443943875,0.5643572879474921,29.553334693687567,291.6279228260255,0.6026636937515103,26.22130983905214,7.24535744521732,170.20954748767815,差
0.7236804567444661,0.6809861984870875,49.20509575065679,193.61768220291788,0.7073191659506862,47.272099013147574,7.304980228842612,109.54974681478728,差
0.8933377598521939,0.8778169434265545,44.10160900813952,382.3105801835459,0.746457985930849,72.40494496163338,7.808814112001052,188.80310197271854,中等
0.973260019394106,0.9530858508128559,58.50061262751694,497.6469217976038,0.8747237468019228,75.31377105807663,7.75591070079675,211.38866450652117,良好
0.9148450914544592,0.6586669962971263,46.44805735470244,345.5361688423806,0.7386175227692523,54.86472201646006,7.677540134256337,194.01066857353496,中等
0.9447367745588034,0.9119093499424287,60.801344287087886,505.1257072199045,0.7085267659489541,69.80199399938888,7.800523892624363,204.37763343133932,良好
0.9477368301108783,0.9065184594499399,55.32084385104717,403.7377913173066,0.7246432503066118,74.53872389282726,8.002429573491336,199.55236661900776,良好
0.860119255495359,0.7767836212370897,61.09909870471423,361.3967837334337,0.7716719642122883,95.14816939486322,7.301466253329304,180.22522549390146,中等
0.9583419064884648,0.8239432993621039,61.69379081140183,531.4212582687837,0.8842682331017159,76.70350318370541,7.649361324266262,202.89586621674357,良好
0.7490830966683145,0.6984592894895797,28.43872632848968,256.9949234818641,0.42113435889247897,26.761963322782425,7.518691698353271,171.00702944207018,差
0.8552450230076338,0.7025497121718138,32.32560178367341,360.38851943279883,0.715283851758155,81.4610342386248,7.7036168793578215,213.2742330468518,中等
0.959601272358082,0.8946414421793342,60.11175277483183,459.76393774009546,0.8040410635666979,65.79470072570527,7.901569061007987,214.85348059479472,良好
1.0017116763270615,0.9722322134204685,65.37937765718208,557.5177744527837,0.9358476003492058,89.88936136105569,7.822785192684285,204.43282102142837,优等品
0.6980632782918665,0.7544092663524045,39.141360992022385,315.02268518943697,0.49750448794730673,52.85316439014263,7.329286743059479,118.779711390512,差
0.8468792309958284,0.7761712857877795,41.299860926185,367.45831640943845,0.8490566827442789,66.56000022298339,7.693179577735166,202.36704007681942,中等
0.8776940377898902,0.7676247735092356,55.444028378720716,370.8707560793779,0.695697805361421,66.07193912692587,7.64110322402043,218.7001396716603,中等
0.9918699020972467,0.9602877913196403,62.67511152780804,493.23519729996093,0.9466391604661313,78.39961406131349,7.815131788604191,206.8332045406575,优等品
0.8465064743444786,0.7487672650862693,52.649201460456865,376.9922750297436,0.778191802075105,51.811774280135594,7.640095760206888,192.50903040627153,中等
0.9009763731601595,0.8629604259495327,38.755764992600305,381.30925745928994,0.9192313019104876,74.57321095119539,7.717122609464195,170.5449944252365,中等
0.9816898875031411,0.8933737694449031,63.32938911853195,433.4620518611282,0.8300085011350363,72.81702168282783,7.888675568137831,231.91787272588317,良好
0.8348275659830751,0.9093217323610999,48.777253671403415,352.5436759505211,0.7663924063593429,69.63447746617477,7.744544811616407,190.80720013161675,中等
0.9386812573821518,0.9199283336555295,53.16942959533158,478.9931749394333,0.8152807630227235,77.2458474338808,7.8215020631318914,200.32799207651198,良好
0.9460388047356219,0.7892175512060591,60.508150267667126,388.8100417998363,0.9061458432434675,74.38843687740054,7.89960328065786,224.51653094536138,良好
0.9885257170971078,0.8453097791049089,59.26403624615994,381.8085637683954,0.8370586175067465,76.99402962003381,7.852077254302355,178.26827377022755,良好
0.722416243097666,0.48188064605705017,45.065343913859174,270.44028534943897,0.43050811455580323,50.36719504777866,7.391142341368903,125.52570453909073,差
0.8468664451643502,0.7839275785044537,45.07789356655091,337.47173052482833,0.6686335424862447,76.26453110858762,7.663439859949322,243.8251169053068,中等
0.6887232638892549,0.535888834584723,30.88406623413854,309.35404081300214,0.38197017978382314,84.11140353714859,7.096353177713761,188.29727367963932,差
0.977458390130044,0.9512909291996384,64.25307903415798,519.8760810019584,0.9296703183594859,86.19085653069814,7.85269486735166,211.23429181703648,优等品
0.8761840184805267,0.6748640376301512,51.39686527130354,344.57559492354545,0.6413289188615272,76.99561376738308,7.809632866108164,201.7252590237179,中等
0.9982640331733053,0.9511566550635295,63.48353073366647,482.48833599312195,0.9783264168110501,90.66402348587404,7.844320391914901,212.3604306382437,优等品
0.9182395937211503,0.703644909896723,60.38757775240901,324.23767318115927,0.762437612230093,76.6033255941672,7.561582096293363,238.54640762084443,中等
0.9915140739062478,0.9418889990971648,64.75073201677046,472.70930634775,0.995997600295715,78.9698881429594,7.853952390107514,221.2168914238792,优等品
0.935530267551604,0.8873538413722987,58.68288182440248,426.8986294392315,0.921336046485566,80.15080629120794,7.823462754320388,188.21124636669035,良好
0.7004672961250381,0.6083345350975091,52.588862057428216,403.3951492424558,0.5144721926316733,57.18021770976406,7.56135799249229,200.88700771468254,差
0.9996234516926656,0.9510033040391945,65.23402225543657,518.2384270101726,0.8803270135058264,84.87856752164987,7.829498529423054,208.82827995025625,优等品
0.7733545471996788,0.5187830528273669,34.57201028283035,222.82833756482196,0.3011838062370954,60.846054862033675,7.546308213762761,185.2713543439143,差
0.9388945382397366,0.8740220621686802,54.6205308563787,501.2495461409192,0.8825672306719066,81.13964814776416,7.781768595298733,201.75371932542444,良好
0.793478625932671,0.5592410655340304,29.12521831887632,168.01311083419148,0.5965103235812727,53.34074093901447,7.431456444624371,207.70634095024764,差
0.7756804647207611,0.5757333538572877,44.637230575571145,229.6805417487649,0.529224846709007,57.66014206788211,7.174349190456965,180.75002213590764,差
0.9903263883669087,1.0435304338762414,68.0875413083839,478.04428074752343,0.9341922283651369,80.24654653292373,7.872471675797363,201.3123245542709,优等品
0.722691694789099,0.5403675310908079,45.58232106878303,222.70785510495543,0.4774782797508435,71.47383357821167,7.468159657682672,201.70191292327033,差
0.951215707450026,0.9825623471634732,55.05998590998529,432.8385100762934,0.8524850741119145,89.26895594756735,7.845797712942379,202.10527948358967,良好
0.9712834140468208,0.8209769757383959,63.11671150337414,430.0051586197987,0.7649570981717025,91.32113906035025,7.6808572588447825,219.19927462495656,良好
0.9994588815655464,0.9475431686128252,61.07667030455702,477.3350335059815,0.8737457689760683,93.19480263799916,7.846458157604195,225.7414678603241,优等品
0.7113583134555518,0.5624071754528643,36.17000785516542,138.64486450406068,0.444526530661628,43.93227373037457,7.726737699619702,165.4181016505953,差
0.9759763071657618,0.8880409167487816,64.05175111663108,468.823395080277,0.9253091459720109,86.10315402153581,7.877870427842559,226.3012996487441,优等品
0.793653303316605,0.8017775813175065,36.47406902935593,224.7706727356253,0.45238095173973103,54.60045413044757,7.262829534152226,152.01051465647205,差
0.8989425581881721,0.6959247067048832,54.346123965745825,444.7503574969209,0.6911981480963033,67.03615363685103,7.799066848984348,193.70257117893277,中等
0.9893272253508646,0.9558034572497538,60.87309773364092,455.44441511900203,0.9386324093240028,86.56861591448454,7.840891970807103,210.56510648465556,优等品
0.9727555356133732,0.7792968362881119,54.22146212541542,381.80897023087823,0.9944333477135825,90.19710877186205,7.69507648271704,193.43436764288194,良好
0.7646504403629327,0.5282360862389459,45.02574774371437,201.40074929609395,0.6757265829399157,63.007353336502796,8.068518745602091,165.01273783037507,差
0.900194010766989,0.5915437207898113,41.58837887517216,448.8987166962707,0.5989453949630503,54.929016556008676,7.603553160692638,185.49030517621114,中等
0.871791171688202,0.7679737300989032,57.70915971217314,353.08814349626056,0.7602690516748587,79.62648058686193,7.832047147073448,163.59049909264058,中等
0.9973208095143302,0.9377907690087989,66.2000000168407,488.2529006793188,0.9000858483228726,84.72073908673595,7.801086717536688,212.60766817483062,优等品
0.9977693169235483,0.9547046904829457,69.99680964105958,478.0623629356113,0.8922356948699482,87.85243665431787,7.827667847659269,186.35144627208487,优等品
0.8937761254479859,0.8551788385397684,45.327897466714354,333.9923884271157,0.8109737723336705,68.73219450312465,7.7940158777989685,191.76712411042777,中等
0.9765274608241865,0.9719569420770314,69.3092885586766,497.13976726409953,0.8780749691808024,99.12110213197602,7.7463822409151994,198.76121594874405,优等品
1.001719503513678,0.9048317307489948,62.493449560677725,430.3755106389339,0.7230249544257237,79.52178577475915,7.984450946989375,196.03928408432284,良好
0.9768455869295015,0.9594333377262455,67.79499790060429,535.6767938376736,0.9006943611956929,80.35536758769635,7.687924308733543,211.01788333707327,优等品
0.7191634945021799,0.4825857627518885,45.43339596999048,372.280976911698,0.5345848807768601,39.93183387299167,7.385482790374694,175.08209224736208,差
0.9688587723979446,0.8471951381997179,58.58879704038385,438.1977524077743,0.6770956890958111,74.55657840959427,7.763385235065674,208.81191530607154,良好
0.8368117560760352,0.7773700411878053,63.74337809509294,321.0713607614913,0.6966155356185082,76.15324166809015,7.572408957616247,187.36457606651913,中等
0.9763589400618164,0.9188266649489678,65.1191414651589,532.1878884352204,0.9103195244482246,82.92541860939836,7.850319077048165,202.33647390734984,优等品
0.8510486325827146,0.7644269043980256,54.060932843788336,363.0455852736587,0.7576518062243711,79.11953360860409,7.622932102586722,195.63178012305156,中等
0.8979726927779142,0.7897182863463247,55.985025262890446,301.138581454025,0.836567465116737,81.23340922489938,7.62261249696268,183.14401533642706,中等
0.9549381212683322,0.8550274403557393,59.033295251601885,503.19177460820305,0.8194695123669431,80.51977497244266,7.7337455548901195,211.86312901007173,良好
0.8884939246695858,0.7996233394109549,52.26294345966778,364.00838679359606,0.6751909017151337,48.57429428562594,7.5966267884642855,171.3009611754785,中等
0.8656433719984684,0.773038782134549,59.48498594476628,338.5339812819315,0.7275320098370129,64.46347445118448,7.6347219903952785,225.19047985397708,中等
0.6581997358321584,0.34765426374875297,38.95448611431473,239.02389362108883,0.5355019135572789,55.99669876425277,7.319140962669682,161.42383235062638,差
0.91562281455046,0.8483923138109122,60.969683786865446,379.7899042304422,0.6168086889608914,74.41879061477769,7.66371805204019,199.34946966028448,中等
0.8816551191361439,0.7811469137740609,43.698548805692006,382.19502665616943,0.8255184973803944,66.78924567609447,7.5703679528263175,197.03311523132058,中等
0.8958410801364389,0.8532523043406676,49.28693376121101,369.7646383238856,0.7887148316060907,59.40540276551983,7.482472644191223,200.3395156625512,中等
0.6537368893706257,0.626264198787169,65.24509276607495,297.68984135258165,0.38947623047397095,69.469102903027,7.4625851460154555,140.95961106232158,差
0.9850458381824406,0.8785155604857011,64.90002118066947,376.282523750093,0.8158742997735541,81.47410919937657,7.878120527125053,193.27491891479667,良好
0.910593828372972,0.8429250875043638,52.57780465903287,419.46138786763555,0.7108459804614178,75.65793664982036,7.780911557462829,206.80297838119083,良好
0.9614228248407615,0.9818605319859179,59.658568961178545,444.7555464527807,0.8516096903664688,74.1582845269408,7.798549260519353,208.83965719628156,良好
0.9423772460665316,0.9229815393427423,66.35949772711972,435.3170141592727,0.9038778236926585,68.00348070460797,7.901941780698749,204.55350267495396,良好
0.9940906493833406,0.9861745526214812,59.84698355490981,528.4442885141615,0.9574872737719174,92.63406331788633,7.897375595428778,195.23342776481945,优等品
0.8475043466000185,0.7470461412491238,54.2515686171411,375.9592213418221,0.7321293115436505,73.48463273540571,7.79087650685297,176.1444951953905,中等
0.9918029488050344,0.9407311995620627,68.74913126055296,489.8655471742579,0.9697175759907712,85.70797893369941,7.777062080373465,199.9592036704497,优等品
0.9970253331393385,0.9278678988594548,69.25836704239352,550.3924214666458,0.989596044383996,85.04428851834447,7.822060021396883,222.84104695178897,优等品
0.8606127302756021,0.736670338935265,47.79645355210226,323.7899951526511,0.6366957652622538,79.37857775969371,7.614364532815464,194.37057259592632,中等
0.7968190067308312,0.5600743354054037,29.570717381912623,310.38320483397365,0.5905126617021647,28.14051068624253,7.688631840200033,183.13856788939268,差
0.6849774885539043,0.5388306878298201,36.936045729134804,255.19367185740938,0.4670873819400517,49.224308141595934,6.984341429971894,169.25907070745023,差
0.9786893276449741,0.9687471078396213,66.22440773833507,487.8986076209395,0.8392076764516584,85.70989956937002,7.802675460200578,207.5658969743209,优等品
0.9641986549629447,0.8481558805530521,59.756171740784424,428.743543954463,0.8350135752142959,74.25809052913134,7.788513472903029,206.85631963786415,良好
0.7983263757702418,0.8198489596515633,45.374048370305296,306.0998872347908,0.6997090349961981,57.140368292582934,7.781079734390837,202.87981144350016,中等
0.9857101928262758,0.8533695093204285,63.20108001553639,518.2964014157126,0.9554705490293303,75.13955486678091,7.8184975784325825,210.87391428920122,优等品
0.9581164817334762,0.811135225536395,55.432707101838886,434.898754057607,0.7679421284020314,71.23558258916309,7.9269920481932425,196.87340145982597,良好
0.7012233532192684,0.5898592170278136,41.02814243155069,241.18982174994258,0.5198441842200048,32.49185771578461,7.402881977590998,146.69678272438819,差
0.8968873198085525,0.7811755276435494,49.25830573347177,381.61324053856265,0.6665170089453327,73.22020635110766,7.670350467583074,216.98927542791307,中等
0.7317433531102108,0.5694690846481435,44.39842886472828,296.0900169893184,0.4891744950168869,57.4030594130565,7.663506901969059,225.6496207244197,差
0.9942243497290144,0.9530793658561899,63.62990715493026,522.6025242026328,0.8871482381491338,86.94409455131857,7.825971279339876,202.78430917659972,优等品
0.8867871426600227,0.829394290474186,50.12878083782534,463.90899610624353,0.84177721505515,79.8516303143934,7.713437831914551,198.7218604175187,中等
0.9527171180313257,0.8662080020051772,50.933532639914205,463.86108073252,0.8474990868676603,87.09164459459876,7.723509143763317,182.52046754276182,良好
0.989674082709575,0.9235777983144071,68.6899249256176,505.0238785721683,0.8658140453563395,66.06318386283709,7.7376154659409915,213.16689804291192,良好
0.7534103391301418,0.6017832254529757,35.84908663274671,372.4064694246419,0.5368669680319841,67.4012376859792,7.718094433811399,167.5509691996627,差
1.0007362194390756,0.9797357333878,63.96468770954243,496.9404003621897,0.8974899054167078,89.54011331268096,7.854556243362668,206.54092719333173,优等品
0.997979752545819,0.9709685921515225,59.65812298127753,528.3593531370759,0.9996482048013691,89.76588127164678,7.814744473991702,211.88073356991774,优等品
0.7441294849827566,0.6790672318690728,28.912351045950047,260.34199376140236,0.4413201596448627,72.56319351027844,7.578408900773701,202.68139508463824,差
0.9766755165210543,0.9705970324025952,62.25356891272912,510.2631811895125,0.9210944410582418,77.92237966543146,7.8733626107591395,194.9277417961606,优等品
0.9472451787922415,0.7799129916261869,58.32416513386808,397.4048534238235,0.868393947633435,90.14737624521744,7.748654287684452,188.56241255494064,良好
0.9976903165544228,0.9635046690183994,69.16599356030744,452.8103222878142,0.8529755679316782,86.63497256635048,7.882183437651125,219.2528189271683,优等品
0.7224733015899649,0.6431283816886298,43.095556467671514,360.95943566864435,0.8393904994931924,64.08804277493071,7.602019746241455,121.85587067305812,差
0.7265434641936269,0.5721343666120691,36.88292407532786,376.1195592768048,0.33481287086434774,50.46274239135409,7.345800197436255,135.89920643237554,差
0.8441987269437006,0.7142655338955982,59.68239479947214,455.4155374373775,0.8186827495452839,58.40645039351877,7.7275487169289105,226.14321779397318,中等
0.8597938105630827,0.7027828738599562,52.5228008984582,443.6099277125049,0.80487004763949,70.36717121026393,7.438934146761492,220.18567422872337,中等
0.7499760640965747,0.7174814057585692,43.30863531066912,325.423360109165,0.7378238555449166,73.92142983565796,7.5023472739443875,175.00902870002488,差
0.8252597999439519,0.4548896013533261,50.73118026799375,412.13459640237477,0.7610211293099448,76.22203358786427,7.382048151866573,146.9523403882469,差
0.8552543319667252,0.5138711897614099,24.968449304003983,208.69691975559573,0.5732869078087419,47.41410950286153,7.514469043463836,183.80593043690124,差
0.9638563042060184,0.9471360930675593,68.04033623586365,442.4562068341005,0.8724188756801995,73.92084837707493,7.831590519200206,214.0614613953335,良好
0.7406149197062981,0.6077885726980674,33.09648133873711,264.85879108054655,0.6299987545921522,50.21572994366399,7.595800524818398,189.48814595338658,差
0.9970745771086438,0.8976898219281039,62.683422836586864,509.1699670592779,0.9119720195249101,91.38928327515256,7.830077736250531,223.5236254592615,优等品
0.7649897437081582,0.5175039313408759,36.88791710826319,240.597376013412,0.5025555195452733,52.19015914663591,7.896674719884515,152.62613488979372,差
0.8611229870983774,0.7531885488977447,46.10530917195028,459.01698854114846,0.8444214840251815,63.33772608282888,7.675619776521839,206.1079772130348,中等
0.8746395733717605,0.7439407778157799,42.243276464880566,428.59651717203167,0.6383059115897636,56.34558473778943,7.690600298128381,182.1716841995313,中等
0.9194852824459007,0.8645030786996899,49.05208835639241,330.4631540629358,0.8054638708131807,58.769276036844225,7.722106067543612,188.71112419404741,中等
1.003465716626103,0.9118891386102473,59.37497783758419,488.73777660548114,1.0019628258370876,83.43581763474239,7.79611396271042,203.72907175227704,优等品
0.7863561240742747,0.4549983643832467,43.70851892710997,268.256501254967,0.5900704444692597,59.691248618177816,7.666480107718112,204.4340837527926,差
0.9423163666858605,0.8392045232425723,63.82701078006675,516.567682191356,0.9072189267112986,60.41999195790376,7.874704834086,194.82257904269167,良好
0.8740429243935712,0.8118022205258524,55.13551512941063,376.7898102523643,0.5876082157430033,65.30506244296014,7.773194166479837,221.51000439442512,中等
0.822599789958316,0.7802866081466227,53.27246862811012,357.01293024684804,0.8441619013551491,73.06587671697275,7.7041272554369105,187.65771659855378,中等
0.9966662788345689,0.9218961429512185,65.70842722963731,490.82136705405225,0.8192549383746697,94.5127910261478,7.883734748890431,220.57801007541917,优等品
0.8178053357105163,0.630124248009139,47.85992812703132,134.19265745635863,0.7499815842070067,45.415519178214794,7.574624479418202,155.16506078555068,差
0.8151464210972905,0.5336661676487698,20.676279125041916,229.319364202405,0.6638519455873284,47.69286833178447,7.729294375497581,189.63067071788652,差
0.8554220060743188,0.6799827179284159,64.67365734894696,350.2347151153009,0.774489730171273,68.09426360563774,7.767640838512419,231.13717768293023,中等
0.96163446729941,0.8965391903269118,53.50837030165549,413.0292638961971,0.7774138752502188,83.0858122115244,7.74384341613639,217.7711490514398,良好
0.7451203054922793,0.6336903263976615,44.962485662454284,226.8804140669164,0.7789323938194419,57.53352080527961,7.5989044984097545,140.22022953645256,差
0.9455886811946537,0.8860730532099773,59.69575239998536,410.35635458673545,0.8057845636973202,77.76946718729101,7.820076081656963,208.14529095361732,良好
0.8864700631280086,0.7681421688925504,60.56655535759216,383.28923447373745,0.6788680089453432,82.74482007378256,7.831347494553656,190.14542821377944,中等
0.9899489336797277,1.0032647254772014,66.14405850374085,529.8289648006287,0.927215500971754,93.26456525615211,7.960323448994234,216.7635704767491,优等品
0.9607091749481926,0.997281208094822,62.6517145083529,399.4854098508729,0.7892158294409779,87.94261514661463,7.809912545321685,198.34855872647447,良好
0.9234440265304114,0.8608591259506625,59.93987985543406,447.8897956799694,0.919020367356215,94.03538642940137,7.718495584192743,217.35134776843466,良好
0.9543743653228297,0.8842432729180553,47.39576496713633,498.5271675356636,0.8946956226337455,74.00601908404276,7.8308170121807485,185.26303887672788,良好
0.9819400826894058,0.9438269901896847,65.23531773825101,488.9828899760214,0.8957991438188958,89.05130022187667,7.896283837885693,199.32277422961454,优等品
0.6993197078822766,0.5752828387755601,42.28187288960955,356.23175344882856,0.468595468914608,66.63011629933587,7.69880055767377,189.11357121233684,差
0.9286295849183511,0.9428098719706841,56.57506410428126,350.50172965175483,0.8073605024459237,82.55807135763344,7.790784933697881,212.43648359523266,良好
0.7710383281259293,0.5272546075276882,39.276525248493286,290.3840589142332,0.634114190200836,58.2130973025358,7.715020690761788,206.63497250012261,差
1.0033932658948,0.954900810647474,62.73198794163019,572.1451262676192,0.8533425995761396,87.82394552953824,7.753396742074002,236.98328835937087,优等品
0.93024954075146,0.8782717880078098,54.38402474562311,498.6578954910832,1.0062447756431916,70.59069389213434,7.781537107831782,202.95366774583576,良好
0.979096523482933,0.7742653200463132,68.00537153082196,412.41739330984166,0.8404272878021479,85.01284703873743,7.865814594125931,226.5043752973142,良好
0.9903218508703684,0.9386670533743257,65.29230233089191,389.34904125714667,0.9110988354968081,87.15511479005447,7.8820770822468,220.06411040026555,优等品
0.8016487117457015,0.6655078017630526,42.50514203755597,232.47978555428534,0.7296232810057262,77.21379241550412,7.739352644996088,248.75916740806736,差
0.8769383082811346,0.6805999330464491,50.93586766057111,460.04539959444577,0.7791658933189046,91.59614259100104,7.711698672682844,227.09869003507805,中等
0.9194041948397571,0.837110195527211,44.0825195904552,352.2703379783724,0.6803058539861904,54.604820764349626,7.564281513381729,216.23018314351688,中等
0.9767765256531671,0.8875777842382706,62.4971859707961,518.640402199073,0.917937017367497,88.62540522223755,7.831875049855896,217.92711017733666,优等品
0.7883968831758269,0.5901999033216659,46.490933843875005,242.24802358178056,0.5146192803199484,54.22375107628751,7.84758095236705,134.995316913978,差
0.9135501441037939,0.7682694580765118,50.11964863243355,383.7443792185779,0.7882033705716011,69.78669775219072,7.706804797860712,180.61356626383653,中等
0.9360079838259526,0.9139646909991175,67.62258590557951,446.4318680923333,0.932172082871452,61.52671613046144,7.6748020885246575,190.28579909479947,良好
0.879464135353368,0.7512571756554867,57.847334047553844,402.0709879946475,0.7077431580978781,61.83972456282044,7.413376224502678,220.918557231475,中等
0.9359259857766205,0.7382068217297992,52.00156763597052,485.80060284154973,0.7843597535178216,77.66125325530311,7.571229040596486,196.88139682383047,中等
0.9943235271420033,0.9356648044788862,63.63359883125078,505.29452550988856,0.9282620025032463,78.71717332027282,7.870935228914618,228.07630805670686,优等品
0.8852702113747534,0.8051218081988892,52.501679877161706,337.49011270926724,0.8581316957768537,67.66931998638232,7.6124675541382825,194.53212079512107,中等
0.9645302324467212,0.884064571252124,56.32628393263646,460.7621077206283,0.8807367377319569,68.62534959621979,7.800144280508513,211.87476908688163,良好
0.8475964544758712,0.5668500611700485,31.927843225155602,319.36697211161623,0.4119462075539613,60.31326079388741,7.294657901642947,154.75204561750039,差
0.9772845147910771,0.892479533419691,68.71154240086703,470.0831513768367,0.8874671689331903,78.53438874797514,8.018869145954133,202.1342790844215,优等品
0.9832827921074192,0.9220699486510268,62.612033269973736,540.929787325126,1.0503429581574886,94.44639397751997,7.856999104816067,222.42862562858315,优等品
0.9958807667516784,0.9547428169573036,68.84838490651694,474.6050659139328,0.9256985334063886,91.0461532361197,7.88020258224608,213.95914220958045,优等品
0.9994680756651187,0.9433994591702097,63.01692483611752,551.7708137844431,0.9645931511080374,77.56069148254689,7.730195885583479,224.53840237121884,优等品
0.940819366536422,0.887212676114102,61.708769603567696,391.95094804395364,0.8472046799633094,79.02341761899663,7.75494322127659,218.82904567011425,良好
0.9839524755941867,0.8680363426424075,71.20463278102896,492.0127820910542,0.8330204552128055,86.14829942120316,7.76026791582974,217.87405645272807,良好
0.7550711482119828,0.5827186648106594,46.734288127536935,189.5846620517192,0.5887304102051706,44.500491819966,7.461894962075992,171.98282738896927,差
0.9279742702032034,0.9190100860593038,59.247659292525086,380.21868445575785,0.8675257250030135,84.22238104702171,7.833621482324525,196.45972864628294,良好
0.9254834854106513,0.7896632186000888,55.23507867241774,351.24067751782417,0.7033381031824355,72.50054671185146,7.607525845984959,178.91276996474767,中等
0.7243512878016094,0.5672204944122536,26.902680256323677,267.98700001050065,0.49499234971359507,46.581735674271414,7.177799446422966,151.6771203280479,差
0.7517071946670106,0.41210190552461723,56.78783807386855,321.3964166137652,0.5315546580048446,34.767388417800184,7.605487730371999,213.8204099638741,差
0.8826028322638794,0.7398406431855037,47.00170779355781,394.0445563300586,0.608317647205081,83.0187913379632,7.629173364043324,182.45944296339212,中等
0.9349917974449068,0.995297329298387,61.479666201730474,445.91587764434246,0.6959546111733698,81.0499572412968,7.795843618327938,214.0810675714412,良好
0.8056962379936874,0.7044073021851947,68.09978387070532,457.82080177858836,0.7789338905642984,90.68991611659453,7.672800535553121,216.38894776248378,中等
0.6883705467915542,0.6279240101221,33.98102839067386,241.82458990083782,0.6618784777147867,47.99914516832566,7.46277035620687,149.623341883457,差
0.8063196724861033,0.5310344495099055,41.11223334840858,313.1008139353582,0.32115776049321343,99.26177301931827,7.6297093495266,153.5948463441565,差
0.9928756390516733,0.9383711050201026,55.866030382270516,432.7425219647326,0.9050151971667844,84.64439854584832,7.750958176453868,217.9809104866156,优等品
0.7718686337089834,0.5339852132663524,48.560480947755124,248.20042409779148,0.6073175755888778,43.091509553606635,7.933391853449393,157.33397945585767,差
0.7393283651456037,0.5537083620513673,37.337870495935086,273.3781144424884,0.7578362850912221,33.198723012116986,7.412295098879004,122.92702925920327,差
0.9929659372757391,0.8947041019396607,58.2129247591465,472.95068439607604,0.9098036900629167,83.87160382691391,7.760343524274008,189.48103060590017,良好
0.8943411344557685,0.7451431334092211,48.99069926354479,413.6378393599711,0.8494868693787938,62.28071453801567,7.644847364149102,180.1631367798305,中等
0.7185778655422327,0.7637121790001705,42.192041876335885,246.9090561938212,0.5257202851963404,45.00440336391622,7.209087718951055,204.50410411038848,差
0.9704839708711711,0.92827092397377,66.1911400096472,457.1328618046482,0.8729992033938123,76.42145840680935,7.837368756559868,212.30711749074962,优等品
0.7194197426897707,0.5715489695660778,43.02962307498731,422.4679769970395,0.4913050165152434,29.541980995559875,7.4856587307430065,136.34095640151753,差
0.9438873511518641,0.9131798934280382,56.17194421484906,436.27233725253154,0.9249893931402944,85.92568677299268,7.735282888565936,186.1260305594907,良好
0.8964872294819333,0.8433197948778366,48.64452240140741,364.6269549992429,0.691189140107569,77.33422954475864,7.817100426994858,204.3704720563767,中等
0.985703650214725,0.9341601793470315,65.05414175740468,477.91809039594455,0.9305004154011295,92.47729122621479,7.769141405497723,211.48780634807306,优等品
0.7450695800497661,0.5946787563727016,36.726744249276045,393.81332487232487,0.6328186877094765,61.7495635563307,7.508452612992996,140.36425779103277,差
0.8458281547715095,0.668641337056234,52.59481073845079,423.5862212092068,0.7973336675554967,71.2982306086851,7.811108501207326,198.60936283662414,中等
0.6940884030321984,0.6966147012409296,33.930365541273645,260.7625314215913,0.1996103954417356,41.81578765506871,7.526752114810846,201.33158155629738,差
0.9096358474721953,0.9375005847547168,48.52078516533864,336.3607523236179,0.8188712744554769,56.848737373365125,7.613781921780666,171.74579121344476,中等
0.8476472276999754,0.5428097150190075,40.742736901901445,314.3303878622478,0.5986548961365701,40.550449522164655,7.644197830686184,144.42282233760503,差
0.9953747870460643,0.9465200878303539,67.29263961001656,448.3676743711859,0.9184868471201507,82.69846618712819,7.999640528503032,213.5166235497406,优等品
0.9864200956558666,0.9455191551305108,69.30910410273125,476.73180186192826,0.9176100374807605,83.60813516196053,7.890938298542441,229.1160606706332,优等品
0.9021029003550369,0.7062541074943829,48.58982971879599,342.94186656825855,0.7093970845587285,75.63902908575645,7.528433090836356,186.28285290037186,中等
0.9887172205136121,0.8831616073256551,59.22675146719583,474.7227397572017,0.8325595495103101,88.01877089838406,7.814424404107,214.9325313092125,良好
0.948121928625739,0.8881667340338769,64.76504749107025,505.9137722812599,0.8183962518264346,73.40318513453288,7.7898668778121865,214.7600144318813,良好
0.669331588189753,0.7675636293845562,47.04789442438987,158.73986074742538,0.7717770817860314,48.29967808839051,7.539474521087932,178.45802909615486,差
0.6669397797408039,0.37309227270475986,38.50121966477832,357.7089126517206,0.4362304115603703,34.87980165243983,7.796036615376373,173.32509136076666,差
0.8161463080167766,0.6451347547864632,47.07678244027243,238.25142336243007,0.7701063982491518,87.54856707604233,7.747374378703645,139.8960372260213,差
0.7761222605463347,0.5607952217332886,39.87723466497824,203.6657423660822,0.2810269746318775,57.09825598717975,7.502097596534775,165.40748800971033,差
0.8843924287552781,0.7943531336839074,44.193479404203565,368.24175608744514,0.6515053874882968,69.81461063480639,7.55500357812088,198.59390762212414,中等
0.892910879245195,0.7789373528832785,61.46931321430334,398.6040739333693,0.8422481170233109,51.38419010822008,7.658957918503427,175.57620261724017,中等
0.8679964101609661,0.8669184098312306,60.73112555465274,406.0607895594362,0.6822988823209657,73.61573470571105,7.66393167312977,190.1787355506844,中等
0.7356639152589969,0.5666619944392334,40.9468138947073,251.74901019266298,0.5298703466071821,52.341361076852785,7.073376156456378,158.86807913297443,差
0.7036880443705724,0.5597689977247278,51.78087368562174,137.8585413051249,0.6285591648120781,32.27650131346381,7.923546000601713,142.81345621421917,差
0.993989921575017,0.927889119165419,66.42600477628247,488.46532636875446,0.9046214291442101,79.11291747375355,7.797194421540645,214.53905229441347,优等品
0.7814039348450125,0.4757128413936865,30.813835414769674,275.36669730409443,0.39730758307972747,57.583083153548124,7.479994428211733,126.36155754268518,差
0.9547565908151667,0.8216067346354144,58.88487159366799,492.4866979035464,0.9362500316635818,85.83407795429571,7.697221778686602,194.23220178468947,良好
0.7218918829032637,0.6180496056078081,47.588477658387966,286.2297541019619,0.604777156045397,23.673469530932575,7.322666993063125,130.36372304431615,差
0.6998349084512252,0.6309054438104288,39.20603618614506,329.40140976863034,0.47127108095133485,46.80710175865449,7.581048005109829,138.46034557282312,差
0.8891525621412026,0.9059669086209874,52.61043494426087,487.4353146968526,0.6812215705174569,69.86068432470547,7.643632424421249,181.7233379434862,中等
0.9059417329358855,0.8628121740244945,66.39140473729744,465.33820059416865,0.7859821811680077,82.01520186960538,7.821473061895565,211.762185044977,良好
0.9155548613208496,0.9189914320377525,67.46476311376914,463.6890231769738,0.8795411022119923,74.95444300963926,7.658097989423799,194.07414530137436,良好
0.8920754862920597,0.7942326713129324,59.85542333305358,391.31521038725674,0.7370702542964492,67.18544012222121,7.456810666808068,247.04959749748627,中等
0.7123146177569127,0.4870935578167698,41.6179154060272,288.7728877826536,0.5067012758981155,40.47041945567503,7.5582748912477165,220.34166801357787,差
0.9086616571353955,0.7462003283654053,60.50460874798478,451.7928232042949,0.6896703151221845,71.02971873587283,7.667758654697005,224.87856287284396,中等
0.9305710526210491,0.7545359188716533,53.91530206815994,316.01760758253783,0.6993910708808111,65.84169244563846,7.697656353263948,202.34399597550777,中等
0.9591677801991413,0.9198215183321056,57.87091000816724,466.0256655335935,0.8988856724088456,77.23030190367537,7.772401347043434,212.96202375509094,良好
0.9738094997038697,0.8475500739763421,64.40529446028717,388.8090367956265,0.8591876072222202,85.1350210765622,7.763262368160861,205.9718702518507,良好
0.9894845779139235,0.9425982672765667,65.17463818125518,500.8938849536427,0.9097822136677176,88.22344901642117,7.913192796954819,200.8424495886644,优等品
0.9895572668015535,0.9873040738503789,69.10428271044469,508.8653507477102,0.879723665874474,83.80623698968283,7.90690751654838,223.7448498142756,优等品
0.9814038648612154,0.8789756703988016,61.84944038791499,475.9899378150409,0.8836612931083079,88.86423919271861,7.905338725931216,203.5883507060315,优等品
0.9775551355011113,0.9061849730174453,63.12225194694619,481.9212708615633,0.9946501552221603,79.02906674294078,7.844826860507654,218.04933390732324,优等品
0.9618707886458637,0.8362900364992925,63.42243066776498,466.8214682361628,0.9325911518501118,84.63319228047634,7.7139917561506595,226.2104370334298,良好
0.9725769497509877,0.8399704828825947,64.12961791515326,505.0934011811337,0.7621450892977479,74.76243314509338,7.75094304860192,206.43193062037446,良好
