时间,温度,振动,功率,转速,故障概率
2023-01-01 00:00:00,49.628938995307074,0.4753438374210266,99.80555688252383,1484.5238448664045,0.0
2023-01-01 00:01:00,48.78379274055668,0.5319965274961707,101.63209107670852,1507.8943548234881,0.001
2023-01-01 00:02:00,50.672719387166076,0.5462991153013536,100.75621157899798,1508.9611574070148,0.002
2023-01-01 00:03:00,53.52343424776076,0.6296898560522282,100.83646123712285,1490.7689485545827,0.003
2023-01-01 00:04:00,51.55018301400282,0.6215905197010151,100.79334072705406,1526.0278050853026,0.004
2023-01-01 00:05:00,53.84113505941176,0.7909682309340611,103.2666290973908,1516.2612119078049,0.005
2023-01-01 00:06:00,55.91641437856362,0.676318181012958,103.3009643943592,1491.3531030789777,0.006
2023-01-01 00:07:00,54.3757824818947,0.5826778127784451,101.52805132052164,1519.8212527830283,0.007000000000000001
2023-01-01 00:08:00,60.40791668372332,0.6688080687412952,99.03571404826818,1520.7611572137248,0.008
2023-01-01 00:09:00,54.78009445856187,0.6787932442420359,102.38708461946239,1528.0804205303577,0.009
2023-01-01 00:10:00,58.37391567294272,0.6559209784594296,101.11424728084174,1508.5817493571064,0.01
2023-01-01 00:11:00,61.845535841597005,0.6879450242595504,101.83103653543913,1523.853939686255,0.011
2023-01-01 00:12:00,57.04163203517031,0.6466086721192286,102.74922142460903,1513.65461127227,0.012
2023-01-01 00:13:00,59.75722430636262,0.6873146542547398,101.0909699751871,1510.7481043132882,0.013000000000000001
2023-01-01 00:14:00,60.42093631901723,0.5653567834432347,100.19505672077196,1507.7403729056314,0.014000000000000002
2023-01-01 00:15:00,58.61145909599496,0.7072079235895958,104.19448030606631,1497.2185679402633,0.015
2023-01-01 00:16:00,60.03025340501896,0.5602943121107036,103.8493831892366,1521.2946779326696,0.016
2023-01-01 00:17:00,61.159364929057965,0.6161485580915933,103.94791164957452,1512.5824611895246,0.017
2023-01-01 00:18:00,58.84628376631576,0.5845861353158939,105.15661814906257,1487.2199521781972,0.018
2023-01-01 00:19:00,60.94911380468678,0.6309815210046311,102.96927709520091,1514.2744611514086,0.019
2023-01-01 00:20:00,59.74571591860837,0.6042354040847897,105.0950738810864,1523.8989765902845,0.02
2023-01-01 00:21:00,57.239369541442606,0.6274768816544666,107.23487670408728,1497.8604852961398,0.021
2023-01-01 00:22:00,60.016356989019044,0.6761074310358866,104.16831540646947,1502.23690569043,0.022
2023-01-01 00:23:00,55.554431836222335,0.6689785823465207,108.58166965442189,1512.0418292213362,0.023
2023-01-01 00:24:00,57.94963913373516,0.6467097154575626,104.97527143571638,1480.166942743976,0.024
2023-01-01 00:25:00,53.92896860342786,0.6863728479534893,103.24987064772776,1498.4131870013432,0.025
2023-01-01 00:26:00,53.82521971307453,0.7836858933930402,106.72010605352578,1505.100796266241,0.026000000000000002
2023-01-01 00:27:00,53.169881364195184,0.7514333895048865,104.84832064468334,1493.8191594149298,0.027000000000000003
2023-01-01 00:28:00,53.176283089950324,0.7246494389780591,107.21771046603806,1484.1781489554387,0.028000000000000004
2023-01-01 00:29:00,46.65338829210958,0.8331020477877306,105.96484025114927,1482.3396825144137,0.029000000000000005
2023-01-01 00:30:00,51.36603110297972,0.819565516040972,104.49434206177199,1476.3788646847456,0.03
2023-01-01 00:31:00,49.21475692103865,0.7826524265184226,108.19017755645767,1483.8290767290302,0.031
2023-01-01 00:32:00,48.97236341437559,0.851637549798491,104.13386706820306,1498.408385676255,0.032
2023-01-01 00:33:00,48.40980670349473,0.8151656570550987,100.7722037152801,1509.188567144203,0.033
2023-01-01 00:34:00,47.23025124522453,0.8000634773511364,106.82189734537774,1483.7270944329148,0.034
2023-01-01 00:35:00,41.510278295481896,0.8891505258176656,105.70449312093423,1488.9324857715255,0.035
2023-01-01 00:36:00,42.540126279499226,0.961234705063539,107.50272095694221,1469.8360742122302,0.036
2023-01-01 00:37:00,44.52932580506354,0.9757276332609367,103.08955441576964,1456.450868839179,0.037
2023-01-01 00:38:00,43.53794413847685,0.9088734052805741,104.26342397338942,1494.1531942608467,0.038
2023-01-01 00:39:00,40.91572268521789,0.8661675552665803,103.92994907327693,1468.1186727020226,0.039
2023-01-01 00:40:00,43.41502436227538,1.06014066409448,106.39765116942203,1479.8665748500723,0.04
2023-01-01 00:41:00,40.966695085316836,0.9890791385057514,105.70005319975166,1473.0637026983366,0.04100000000000001
2023-01-01 00:42:00,42.89088754481217,1.0565641241250598,104.68468572330902,1480.4247789624542,0.042
2023-01-01 00:43:00,43.28356661555343,1.0456032191493652,104.5432192152624,1479.2280245890836,0.043
2023-01-01 00:44:00,41.27138514944362,0.9975266524604258,101.6337818030395,1471.8868186559798,0.044
2023-01-01 00:45:00,41.78610496366511,0.9529571790845895,105.29789817970617,1472.6278120936238,0.045
2023-01-01 00:46:00,39.527860883452746,0.9193262902084521,105.1538950787747,1480.7354079123702,0.046
2023-01-01 00:47:00,42.70794373828191,0.9652561618549218,107.96381630448666,1464.5901192223905,0.047
2023-01-01 00:48:00,41.64568357641047,0.9132285814789658,104.12049621025285,1484.5350192887242,0.048
2023-01-01 00:49:00,41.010123345885624,0.8862045543242364,104.23311254737149,1462.4005283730987,0.049
2023-01-01 00:50:00,39.65210929572031,0.8085022254071129,103.7052022553246,1470.9452912363458,0.05
2023-01-01 00:51:00,41.70394731804233,0.9107390829496544,101.13154296410016,1477.3614586912465,0.051
2023-01-01 00:52:00,41.129600655546575,0.9753813548379792,104.79248607500071,1455.8461706041455,0.052000000000000005
2023-01-01 00:53:00,45.62667341429014,0.9935136394579253,101.94534739147878,1487.1858682307536,0.053
2023-01-01 00:54:00,47.373007296253,0.9475582838987282,101.42916726674133,1479.5033032994004,0.054000000000000006
2023-01-01 00:55:00,47.657538397859746,0.9189619420912198,101.29946817412382,1509.2597189430153,0.055
2023-01-01 00:56:00,51.74467406179735,1.0308227102282006,101.18767123742288,1498.6721922427869,0.05600000000000001
2023-01-01 00:57:00,46.84401621325657,1.0104532023884156,100.09435414786705,1479.4606488024638,0.057
2023-01-01 00:58:00,49.98402778158951,1.0210425689560896,101.24311954271367,1499.1976332084055,0.05800000000000001
2023-01-01 00:59:00,47.477005438157775,0.9964130849449336,100.36346281150098,1491.6327939881894,0.059
2023-01-01 01:00:00,50.50549871929538,1.2051880738472895,99.93658121594639,1487.3110716851345,0.06
2023-01-01 01:01:00,49.00558621496677,1.1677110915348026,101.02297012847828,1470.2469446730554,0.061
2023-01-01 01:02:00,54.14550554278716,1.2029860897362048,99.93893505936947,1474.422882406653,0.062
2023-01-01 01:03:00,53.32418661792107,1.1456380620488418,98.42455578237819,1490.4740424033287,0.063
2023-01-01 01:04:00,50.91820238103416,1.2183019659221643,97.75336037175947,1487.1810865936163,0.064
2023-01-01 01:05:00,54.604963114129866,1.232527847080469,99.22770810811713,1496.0018922479703,0.065
2023-01-01 01:06:00,60.454081178139724,1.2942103821804936,97.29165135005142,1508.9794033552125,0.066
2023-01-01 01:07:00,58.517165838090385,1.3374381123440677,96.90593674817279,1505.282194185554,0.067
2023-01-01 01:08:00,59.98963358068544,1.2077414096689791,96.6973633084778,1490.9000356804288,0.068
2023-01-01 01:09:00,59.376260502349,1.23137177173036,98.58501696625774,1508.1799188325567,0.069
2023-01-01 01:10:00,59.34713619465391,1.3188894328973393,100.23708494200987,1490.6800348672837,0.07
2023-01-01 01:11:00,60.231612604045104,1.2589130145756169,98.32732612137865,1489.0985066330077,0.071
2023-01-01 01:12:00,61.08143061139911,1.319522231122986,99.1947171633924,1504.8375010029233,0.072
2023-01-01 01:13:00,58.68317111613602,1.2520206970884797,97.07899420651516,1493.1679260918518,0.073
2023-01-01 01:14:00,62.58134298515984,1.1983524375480261,97.30879736959848,1494.9719800797122,0.074
2023-01-01 01:15:00,63.36865498397496,1.1620325255608186,100.14545743176457,1511.1897206407548,0.075
2023-01-01 01:16:00,60.692040159794075,1.2634152269201855,98.32168584782704,1507.4667748174422,0.076
2023-01-01 01:17:00,59.890395148104886,1.2547588628697912,98.37332365553284,1496.5948952068427,0.077
2023-01-01 01:18:00,59.19674716366193,1.2697322618843137,95.81650576745893,1483.2701406387243,0.078
2023-01-01 01:19:00,63.83888778355087,1.2320791977677834,96.1911116069679,1491.1692860521823,0.079
2023-01-01 01:20:00,58.95571235945728,1.0255256935585968,96.88120189547759,1516.741288177341,0.08
2023-01-01 01:21:00,60.61179857217856,1.24006605376283,94.73716385456429,1505.5957440374932,0.081
2023-01-01 01:22:00,58.282300863808636,1.147674937237745,91.11591458970453,1508.5988060197508,0.08200000000000002
2023-01-01 01:23:00,57.449045952152716,1.1371619105551884,96.5400318107717,1495.192859576196,0.083
2023-01-01 01:24:00,55.608353122513286,1.1454866174244098,97.58745039462408,1487.2452224711274,0.084
2023-01-01 01:25:00,54.33440100781197,1.1593880609894627,95.70577437614502,1497.8019256737189,0.085
2023-01-01 01:26:00,56.837207951251116,1.2996344225480427,94.34744711470489,1499.4531231474691,0.086
2023-01-01 01:27:00,52.40932498368934,1.2746622627250506,94.83516600613876,1479.6329209345433,0.087
2023-01-01 01:28:00,54.32415538736177,1.2633710711302915,91.41084444200105,1475.0261857865748,0.088
2023-01-01 01:29:00,52.56145247963952,1.3703629587033446,94.78540035150232,1464.6279728685704,0.08900000000000001
2023-01-01 01:30:00,52.85527706895848,1.3447033387710021,93.2198303858494,1470.1157499405613,0.09
2023-01-01 01:31:00,49.09980754614236,1.4798447152757117,94.06256908209218,1481.8486194980842,0.091
2023-01-01 01:32:00,51.46117142486261,1.533184632999265,93.15602397585776,1466.8791573381952,0.092
2023-01-01 01:33:00,48.02244889206985,1.4778984134402817,92.96460342814726,1479.8869606222095,0.09300000000000001
2023-01-01 01:34:00,52.52602301186112,1.5831782018731628,93.57103714681408,1488.0370167665153,0.094
2023-01-01 01:35:00,43.19664733007031,1.6053820784110644,96.91100814077285,1466.498205546248,0.095
2023-01-01 01:36:00,50.42001695322908,1.5593360388151627,94.70513796060476,1464.081597345054,0.096
2023-01-01 01:37:00,44.510961940299154,1.6561248628670675,93.60124741512426,1467.8535031440344,0.09700000000000002
2023-01-01 01:38:00,44.48415594866378,1.5483690892844515,97.43030085457596,1454.8930787844022,0.098
2023-01-01 01:39:00,42.18625119303223,1.487342893674937,96.29791159468196,1452.5964540974855,0.099
2023-01-01 01:40:00,39.701983376108835,1.5088836364222638,91.44254190106955,1451.504415022008,0.1
2023-01-01 01:41:00,41.32275187953324,1.5509302498130786,98.30289584478442,1445.0233154928005,0.10100000000000002
2023-01-01 01:42:00,41.28806086730356,1.6054936277157557,96.60906181239817,1464.4767381817271,0.102
2023-01-01 01:43:00,42.129127418123424,1.512932520921266,98.17001805086326,1449.7212484479248,0.103
2023-01-01 01:44:00,43.85705773633797,1.527001126410351,96.35383119589113,1465.223431346947,0.10400000000000001
2023-01-01 01:45:00,41.95646145321423,1.487526175572905,100.19884735382934,1459.0428299203115,0.105
2023-01-01 01:46:00,42.06106457288254,1.5065637316593017,96.42056968128706,1453.3817557881837,0.106
2023-01-01 01:47:00,42.59225942569555,1.596461807639625,92.11672010572438,1461.7833307659455,0.107
2023-01-01 01:48:00,38.599574450815965,1.539100269312218,95.82233320608793,1444.5442538871532,0.10800000000000001
2023-01-01 01:49:00,39.174496419301796,1.4868360541226526,98.82608308352708,1446.6750480700427,0.109
2023-01-01 01:50:00,39.99576798442702,1.5744210157808924,98.36817305168773,1462.3154668098844,0.11
2023-01-01 01:51:00,42.82828234025982,1.516177610270364,98.04001902161266,1434.1129356992435,0.111
2023-01-01 01:52:00,40.50512150577798,1.5272305855159851,96.55354464202783,1457.283215293456,0.11200000000000002
2023-01-01 01:53:00,43.624118846953195,1.5876865737965502,98.80999862464658,1464.2724110607755,0.113
2023-01-01 01:54:00,43.095648987113236,1.527763291878099,98.99616380188596,1472.8531222210374,0.114
2023-01-01 01:55:00,47.70043085239737,1.609209482770053,99.23160663580006,1476.4047966568762,0.115
2023-01-01 01:56:00,48.54794482705851,1.62793194954054,100.615781782315,1461.5624046456448,0.11600000000000002
2023-01-01 01:57:00,48.063541976778595,1.6039442260887642,100.16636546556647,1472.272325397332,0.117
2023-01-01 01:58:00,45.89096125548853,1.5695166698901257,99.56276633190478,1458.2982646053238,0.118
2023-01-01 01:59:00,50.2654275484511,1.6698434191238591,98.32819051879017,1463.7245663444644,0.11899999999999998
2023-01-01 02:00:00,52.45725223075218,1.7568626623320838,103.3199905411249,1483.6766051365116,0.12
2023-01-01 02:01:00,54.48173796715456,1.7717795725555503,104.82988258651743,1471.4415261494626,0.121
2023-01-01 02:02:00,57.41592616280352,1.8461861838634455,104.62106196152239,1475.2550114346634,0.122
2023-01-01 02:03:00,57.172166304592835,1.7642585149005894,102.79533409868951,1465.0989774867132,0.12300000000000001
2023-01-01 02:04:00,56.25691948889384,1.8532795061843512,98.30939685316527,1481.3604045082584,0.124
2023-01-01 02:05:00,56.30451731938524,1.7862881526865466,98.32442526964607,1486.290542848457,0.125
2023-01-01 02:06:00,56.28198433034217,1.8651848496615333,101.07823919361854,1487.4859340831513,0.126
2023-01-01 02:07:00,61.30762985536844,1.9247228097975766,102.31733663596495,1469.519000787682,0.127
2023-01-01 02:08:00,59.68462941417215,1.92477341890688,102.48202905386239,1492.8623399426583,0.128
2023-01-01 02:09:00,61.28625836111638,1.8902593037257198,103.30245616404947,1473.9493332851437,0.129
2023-01-01 02:10:00,59.42981456198567,1.8731999322503796,100.36510694699363,1484.5563580848184,0.13
2023-01-01 02:11:00,58.6186364454064,1.834572932979276,106.59303386923783,1469.3397174489166,0.131
2023-01-01 02:12:00,60.68988972640608,1.8674898615934576,106.60940364027519,1484.2264467491432,0.132
2023-01-01 02:13:00,61.1706194757268,1.8051634722306436,101.18889417140942,1476.2770873330617,0.133
2023-01-01 02:14:00,62.33876382097101,1.8436314666685552,100.29256597547099,1481.9018663106183,0.134
2023-01-01 02:15:00,60.55013222203205,1.7596888392330052,104.03104323390251,1486.8491043968447,0.135
2023-01-01 02:16:00,62.03515868044666,1.7732754695167914,106.91990511943868,1494.162685976103,0.136
2023-01-01 02:17:00,64.1918887160481,1.8719666307202587,104.50636867702683,1493.241986681599,0.137
2023-01-01 02:18:00,58.234641943877264,1.8582911793458523,105.2549955849632,1461.1481674534552,0.138
2023-01-01 02:19:00,56.986649392513314,1.8012431255156625,104.00892971885446,1490.3040918841937,0.139
2023-01-01 02:20:00,63.25208173508131,1.8166358991025382,105.32268510654491,1484.3832721341378,0.14
2023-01-01 02:21:00,57.27791702768491,1.8248391319879436,107.04898688533883,1475.3283129640968,0.141
2023-01-01 02:22:00,58.80130432098903,1.8435642299637316,106.10194569848747,1470.558823483684,0.142
2023-01-01 02:23:00,60.053265426201555,1.8482136458257574,106.53391958799938,1477.008330752426,0.143
2023-01-01 02:24:00,57.919400185583186,1.778055554456722,102.14881362299678,1478.0616852347887,0.144
2023-01-01 02:25:00,57.02842424199286,1.741243278529108,109.83119376436285,1477.5288228228123,0.145
2023-01-01 02:26:00,56.40215972639461,1.8348410899958048,102.318230317489,1469.6618319703155,0.146
2023-01-01 02:27:00,60.332598142338405,1.903504955976767,105.98628574381704,1444.1881230842878,0.147
2023-01-01 02:28:00,57.860366820012025,1.9873355191611375,105.41171398433839,1462.2052013903212,0.148
2023-01-01 02:29:00,51.89283401493978,1.9809268154546729,105.52433469359138,1453.0036458449918,0.149
2023-01-01 02:30:00,54.351776481893744,2.0267188281420023,107.48965136279203,1483.0522096851635,0.15
2023-01-01 02:31:00,52.230730882507075,1.985947088010057,104.3325260717795,1460.7525583888407,0.151
2023-01-01 02:32:00,50.16185348631902,2.05713721933153,104.8671942209672,1465.2529663124776,0.152
2023-01-01 02:33:00,47.389092439295695,2.0920527682021084,103.41023131028464,1461.9209310500087,0.153
2023-01-01 02:34:00,49.14536963213295,2.076530640611294,107.90505570449923,1456.4685518981016,0.154
2023-01-01 02:35:00,46.71290906987118,2.0831245450845777,106.13679997357943,1447.0878238010068,0.155
2023-01-01 02:36:00,45.70302732721696,2.1437717627747137,106.80971876418641,1443.8060044148715,0.156
2023-01-01 02:37:00,44.12955123377367,2.202514006942571,107.07686983775403,1427.1614528694993,0.157
2023-01-01 02:38:00,46.938198787350906,2.1342046150911704,109.34055280944071,1447.0590348418652,0.158
2023-01-01 02:39:00,42.75935401899176,2.1746960149904786,108.88392427135358,1447.0734694820799,0.159
2023-01-01 02:40:00,42.2164554842841,2.2543520220955244,105.77621026649696,1442.201193462332,0.16
2023-01-01 02:41:00,44.83542095873461,2.1583474170036836,105.31427823523306,1442.9133095342988,0.161
2023-01-01 02:42:00,42.630773901442275,2.1791426745817684,103.79080123195111,1428.4147663345557,0.162
2023-01-01 02:43:00,42.42868694509003,2.1653882602587955,106.18904536507414,1436.7465748456616,0.163
2023-01-01 02:44:00,44.58056801450062,2.1514015876739703,105.94995004531098,1432.6110241548167,0.16400000000000003
2023-01-01 02:45:00,45.102401223583875,2.233423908216701,102.90175123719239,1445.4000591563502,0.165
2023-01-01 02:46:00,38.289089602450225,2.154496496369927,105.61521893512887,1439.0194053749872,0.166
2023-01-01 02:47:00,42.465975483093466,2.0508172307055514,105.9983109426372,1432.2889215934053,0.16699999999999998
2023-01-01 02:48:00,40.18890578070047,2.1976424670994072,101.53563301556319,1437.3793608284138,0.168
2023-01-01 02:49:00,42.62595874785933,2.1294261905121354,103.94802311691535,1429.083844089938,0.169
2023-01-01 02:50:00,43.87627364992741,2.094718741438908,103.21854211129512,1436.8977406558997,0.17
2023-01-01 02:51:00,43.76512091010208,2.182366473652426,103.11417948546956,1446.896529729317,0.171
2023-01-01 02:52:00,43.09800088388664,2.0816133123069194,100.98837675658005,1428.8141547552361,0.172
2023-01-01 02:53:00,43.75168066098182,2.216332815107202,99.00372822946802,1442.7558218443671,0.17299999999999996
2023-01-01 02:54:00,48.18803025513976,2.149559480498863,100.90425237137663,1437.244945816368,0.174
2023-01-01 02:55:00,50.69461961220769,2.2136754019718645,100.3781785980738,1432.9341833864232,0.175
2023-01-01 02:56:00,44.45167971137497,2.3390606230315925,102.62600458918251,1466.5182031313736,0.176
2023-01-01 02:57:00,48.909592724119506,2.2202260517113075,102.406198557834,1462.107400292482,0.177
2023-01-01 02:58:00,52.05481136661106,2.234484740690412,102.03782677664533,1445.3611329471566,0.17800000000000002
2023-01-01 02:59:00,51.574507846521755,2.2158573506885197,98.36321843475847,1450.2617397673573,0.179
2023-01-01 03:00:00,50.472626756188916,2.293971477161539,98.6608832510569,1434.777541907966,0.18
2023-01-01 03:01:00,52.80470582454937,2.2789825803184085,99.40997484862882,1440.9156972089038,0.18099999999999997
2023-01-01 03:02:00,55.413417383041306,2.351325242834183,100.43364370879362,1447.3779497460405,0.182
2023-01-01 03:03:00,55.22078572498874,2.533512731752914,99.4626125841428,1460.0944901356988,0.183
2023-01-01 03:04:00,56.73140656292087,2.420294380276482,100.50171974504079,1460.9875177435767,0.184
2023-01-01 03:05:00,57.7366790048367,2.408918164582239,101.5818454079624,1467.067219466233,0.185
2023-01-01 03:06:00,57.619289303608134,2.444619747788374,97.38632741287262,1472.0417816365514,0.18600000000000003
2023-01-01 03:07:00,61.12944411153065,2.4488586195746707,97.22061925397256,1469.4127049760423,0.187
2023-01-01 03:08:00,59.296465061091745,2.5318722831939087,99.17703675680544,1457.048818029935,0.188
2023-01-01 03:09:00,58.914233959285,2.4805944217345073,98.51098622868395,1472.1705742297197,0.18899999999999997
2023-01-01 03:10:00,65.9695329046908,2.567046945049101,99.93672712301384,1476.1740261886803,0.19
2023-01-01 03:11:00,61.844866397551165,2.4685095183451873,98.24695814448098,1466.2481833351967,0.191
2023-01-01 03:12:00,57.190323762553575,2.4661995613779024,101.5021161982124,1452.556913735378,0.192
2023-01-01 03:13:00,65.18596568201336,2.4258344450214593,94.64264850702806,1483.1536425991148,0.193
2023-01-01 03:14:00,65.35827669211052,2.4416220739687136,99.30478068813387,1472.2735834020177,0.19400000000000003
2023-01-01 03:15:00,63.83935106231406,2.363321488578928,97.83811848627758,1443.5216125690354,0.195
2023-01-01 03:16:00,64.14848937332407,2.3327183217252307,94.45827373855796,1491.5929687560374,0.196
2023-01-01 03:17:00,67.05596063267433,2.4605600033773674,92.96335161800964,1465.5253268238278,0.19699999999999998
2023-01-01 03:18:00,60.55496163501454,2.3339494432747068,94.69487689496398,1493.9113621976765,0.198
2023-01-01 03:19:00,62.38693468437564,2.435983792411412,99.2198225832184,1472.2945528142045,0.199
2023-01-01 03:20:00,65.59965939594662,2.388372617129317,98.86033609293455,1465.293711324977,0.2
2023-01-01 03:21:00,65.46830810568589,2.4618707969786557,96.29266240904744,1467.766287130572,0.201
2023-01-01 03:22:00,59.729263628958485,2.33437758942748,95.71772674480177,1457.2701793381095,0.20200000000000004
2023-01-01 03:23:00,63.75660776376686,2.460460351147241,94.63490387427159,1463.2457161027376,0.203
2023-01-01 03:24:00,60.54311392557198,2.4614743460844375,95.88993877981122,1480.8619113779314,0.204
2023-01-01 03:25:00,61.06542899573714,2.4815232708856447,95.24704749755801,1449.7637756974925,0.205
2023-01-01 03:26:00,58.6970082370736,2.5418804607968273,99.55914609833017,1461.968379950868,0.206
2023-01-01 03:27:00,56.806062431470245,2.514735828125209,93.62344709672684,1447.2327514402302,0.207
2023-01-01 03:28:00,59.617891159983415,2.4169343915224597,96.8522659313111,1450.477423972307,0.20800000000000002
2023-01-01 03:29:00,53.12306470420103,2.5916642354527437,99.56599500928947,1469.606672604159,0.209
2023-01-01 03:30:00,56.95456628070795,2.6159836306288025,97.59916563164491,1452.7646181341188,0.21
2023-01-01 03:31:00,56.2410932347793,2.618559914929712,93.81329891917882,1452.6161659693828,0.21099999999999997
2023-01-01 03:32:00,53.826979734375904,2.6185850189236364,93.00273012797993,1443.5502301441675,0.212
2023-01-01 03:33:00,49.961372092628515,2.6707325590795836,96.67536070712902,1467.5245472071917,0.213
2023-01-01 03:34:00,49.63150426520005,2.7872174713801945,96.48030840746836,1428.8688796875765,0.214
2023-01-01 03:35:00,45.675388769454266,2.690607148149749,98.71018906304802,1420.4562809246247,0.215
2023-01-01 03:36:00,46.456987537188894,2.668085077926713,97.42161311589308,1451.1044207927607,0.21600000000000003
2023-01-01 03:37:00,47.80511744262181,2.696039055188725,95.44741801917625,1428.5515523863387,0.217
2023-01-01 03:38:00,42.98512713369282,2.7776873936773936,95.41684325457116,1434.73969418026,0.218
2023-01-01 03:39:00,44.59900740025437,2.8686481781016986,94.02765197810025,1446.2332451004954,0.21899999999999997
2023-01-01 03:40:00,48.52940324529181,2.8968450764823515,97.02860165763731,1431.9150802944785,0.22
2023-01-01 03:41:00,43.87081727802623,2.8168260580202173,94.10275065860635,1448.7872735652595,0.221
2023-01-01 03:42:00,45.886691508023496,2.729716227799214,98.8848957233143,1426.840828302152,0.222
2023-01-01 03:43:00,44.69652890277238,2.7269190765388287,98.40758061515287,1417.6057793452394,0.223
2023-01-01 03:44:00,42.79940217330346,2.804583035520061,98.51918787355838,1400.5747301563238,0.22400000000000003
2023-01-01 03:45:00,43.06490268229674,2.8165817714983925,94.94581187057167,1426.75547448401,0.225
2023-01-01 03:46:00,43.77851154120058,2.707108981195558,97.48442016598543,1401.2453000575829,0.226
2023-01-01 03:47:00,39.52147901560975,2.800548860437784,97.20978680324367,1426.9334453967904,0.22699999999999998
2023-01-01 03:48:00,45.803384438799476,2.709743466120567,98.40668650745648,1438.5742514228762,0.228
2023-01-01 03:49:00,44.062785273465714,2.7513997162573305,99.47883058653674,1424.3084839757432,0.229
2023-01-01 03:50:00,46.753580288693406,2.7706708089495233,97.62280589912932,1427.080554852804,0.23
2023-01-01 03:51:00,46.15123128335444,2.6408059559218056,97.93308045265182,1435.2263070773417,0.231
2023-01-01 03:52:00,45.72343251027593,2.7431197487898467,100.48617245769164,1433.832445926012,0.23200000000000004
2023-01-01 03:53:00,47.198791192511706,2.8019799376639005,97.11416032670718,1439.972372766923,0.233
2023-01-01 03:54:00,48.03396935173209,2.7168610973524516,98.13159215528387,1429.5525087024791,0.234
2023-01-01 03:55:00,51.47738019945961,2.7105683878426947,99.89257843855547,1408.738647759899,0.235
2023-01-01 03:56:00,49.59794255479932,2.8104247892187653,101.93988229197028,1444.6254440563246,0.236
2023-01-01 03:57:00,51.041161071534674,2.817893638722951,98.46527819798082,1432.181641238995,0.237
2023-01-01 03:58:00,48.96710352636883,2.8229611341287004,104.24675566285448,1427.5552393773535,0.23799999999999996
2023-01-01 03:59:00,52.44562847072649,2.869098195420236,98.23199469645401,1441.5187846486117,0.239
2023-01-01 04:00:00,56.50862020359294,2.8164852997122067,104.30055764815712,1441.8654182120263,0.24
2023-01-01 04:01:00,55.51792664470083,2.9510149352243027,103.86586007920154,1434.345944631521,0.241
2023-01-01 04:02:00,53.547092768652476,3.0403035570745978,98.8724391318388,1430.8023894642206,0.242
2023-01-01 04:03:00,54.78751327193307,2.9530447357400442,98.73276565125914,1450.1144934693868,0.243
2023-01-01 04:04:00,56.244375575936644,2.9728936360252236,103.69928679178324,1438.6360161474506,0.244
2023-01-01 04:05:00,60.67426208718695,3.0452306275779883,101.76429285541006,1449.8938347513592,0.245
2023-01-01 04:06:00,61.32093354750933,3.197399524143966,100.76119087265754,1453.9901586002939,0.24600000000000002
2023-01-01 04:07:00,53.487796357906575,3.124446353214501,106.65024216568949,1461.3143736559316,0.247
2023-01-01 04:08:00,60.98867686620567,3.074743450300363,100.88587833497989,1474.0539325331436,0.248
2023-01-01 04:09:00,62.12044614452329,3.0870855925321226,102.06107530355368,1456.3024319002557,0.249
2023-01-01 04:10:00,60.485966980125745,3.146544884159282,102.5332033738044,1450.5668933730335,0.25
2023-01-01 04:11:00,62.119504582538234,3.0388457201712855,98.37929752020216,1472.105268222947,0.251
2023-01-01 04:12:00,65.95256226121093,3.109365655562468,104.38166177967568,1466.5020576143847,0.252
2023-01-01 04:13:00,64.39416243096707,3.014800913862871,102.58848484457083,1457.9967822925069,0.253
2023-01-01 04:14:00,62.75605367305906,3.1070369025427027,106.23672526145376,1458.7553073688312,0.254
2023-01-01 04:15:00,63.450383276783924,3.0353022803892893,106.69305935185227,1456.5191172414136,0.255
2023-01-01 04:16:00,63.32947269569162,3.049243537180371,105.45916612781535,1457.5125529547902,0.256
2023-01-01 04:17:00,64.20038640370905,3.011382531449014,105.65682306659214,1454.2942984982499,0.257
2023-01-01 04:18:00,60.52110385047952,3.056155810238419,105.66226320060728,1444.7728255024235,0.258
2023-01-01 04:19:00,61.680943976846116,3.0069514216227864,104.08754447039081,1453.6096437413762,0.259
2023-01-01 04:20:00,64.63104693745389,3.1212960439229698,104.40047111802416,1469.8932502464104,0.26
2023-01-01 04:21:00,61.86003696983111,3.085837727860596,108.40648651649167,1442.7699198776124,0.261
2023-01-01 04:22:00,59.66163174925368,2.955333377348036,107.34821017679225,1446.6501833149784,0.262
2023-01-01 04:23:00,59.01898598027314,3.0401206172706696,106.395076101496,1438.7134194656303,0.263
2023-01-01 04:24:00,61.27953972718611,3.081652109969948,107.27541323418049,1457.329028002585,0.264
2023-01-01 04:25:00,57.93938946933977,3.0404894931918958,106.03246207388584,1452.047041293737,0.265
2023-01-01 04:26:00,59.079173188931165,3.1463093526503614,106.59063154232119,1428.851604657978,0.266
2023-01-01 04:27:00,55.84150130196655,3.165954015566266,107.4624755253159,1419.2457156027788,0.267
2023-01-01 04:28:00,53.83918712284431,3.1351482080327764,102.16404783618219,1445.8152456047014,0.268
2023-01-01 04:29:00,55.56918054967146,3.218269625121893,108.15042550995562,1421.4478980454721,0.269
2023-01-01 04:30:00,53.85523798817307,3.0794668652545933,108.0186804423142,1440.78266356789,0.27
2023-01-01 04:31:00,54.38996404415412,3.2986705795456177,104.78677111955795,1423.7787003819792,0.271
2023-01-01 04:32:00,53.7691317338852,3.304999104411357,108.82081450915481,1434.7917628725224,0.272
2023-01-01 04:33:00,50.28889627874372,3.234394640492685,101.86881213365432,1430.0108243741852,0.273
2023-01-01 04:34:00,50.740501223944214,3.3269085005523826,106.96664417329654,1418.0007259882545,0.274
2023-01-01 04:35:00,48.34738042908127,3.2352883648100823,106.28449522455784,1412.460079868039,0.275
2023-01-01 04:36:00,49.52944140521805,3.316934469986704,105.51634043207689,1425.0022620830598,0.276
2023-01-01 04:37:00,47.93052485862604,3.4242341564409484,106.09163678746064,1410.4415306737178,0.277
2023-01-01 04:38:00,45.49087871050051,3.3788103816165704,107.12318840486813,1426.726905875723,0.278
2023-01-01 04:39:00,44.67967427421352,3.381695503003338,102.23889611297143,1405.7461609666202,0.279
2023-01-01 04:40:00,46.077081812363296,3.388863849910773,107.73205619950016,1416.1829951323662,0.28
2023-01-01 04:41:00,47.403927528879166,3.380743000235865,104.77780581496549,1407.5770457875453,0.281
2023-01-01 04:42:00,46.522027259460515,3.4281530110776837,107.4859906682241,1410.536010779625,0.282
2023-01-01 04:43:00,42.57750518470213,3.339724183585187,106.58776516258476,1402.6817780792137,0.283
2023-01-01 04:44:00,42.639094454272154,3.3817584727648433,104.27358384550232,1407.3234977385357,0.284
2023-01-01 04:45:00,42.89404457686715,3.29276911675617,104.8018815131803,1383.1324843794198,0.285
2023-01-01 04:46:00,43.15165518714796,3.3762637923315593,104.73449417761256,1400.4803372690396,0.286
2023-01-01 04:47:00,40.89020378562373,3.313257780599811,107.79412271670255,1402.8109311512223,0.287
2023-01-01 04:48:00,46.389521245307904,3.319172098128522,102.09803468792227,1408.2601043782402,0.288
2023-01-01 04:49:00,44.28777995282995,3.297576970509338,103.2920494615125,1422.4110085341695,0.289
2023-01-01 04:50:00,46.61389447395063,3.3016147895957966,100.78562389824974,1403.2021867643473,0.29
2023-01-01 04:51:00,45.643314039816325,3.2646580369882123,103.97276898996986,1425.209511682479,0.291
2023-01-01 04:52:00,46.90261994459715,3.337010313571139,102.24666518839832,1403.5229171094766,0.292
2023-01-01 04:53:00,46.33332217959038,3.3582810153316136,102.25249673402135,1402.286168231731,0.293
2023-01-01 04:54:00,48.47563197047878,3.2783623406781834,105.98446577707226,1395.9021322689307,0.294
2023-01-01 04:55:00,47.68250837637097,3.333577464322566,101.12235618028552,1422.3178464695434,0.295
2023-01-01 04:56:00,50.33095446369952,3.387186209583092,102.20051435795655,1418.7254913888928,0.296
2023-01-01 04:57:00,54.279276206382434,3.381289067860786,101.34997175282145,1425.0450223053208,0.297
2023-01-01 04:58:00,53.43209252814439,3.428185254983083,101.22098156299842,1422.657973073534,0.298
2023-01-01 04:59:00,54.02181916937617,3.550013917942725,107.30025900019801,1423.0674590941378,0.299
2023-01-01 05:00:00,51.860518363931995,3.449091860727045,98.03004860610825,1427.8442374045196,0.3
2023-01-01 05:01:00,56.69479743679253,3.415181818934861,102.53145730477519,1448.3654305933262,0.301
2023-01-01 05:02:00,57.93802367689707,3.530736673692264,105.84210445242111,1423.9188518561232,0.302
2023-01-01 05:03:00,58.17170136281385,3.5723705409802626,102.89099921749323,1450.973561943126,0.303
2023-01-01 05:04:00,59.055931414234244,3.589814985103675,100.57432587681072,1440.6583642095195,0.304
2023-01-01 05:05:00,59.2946376127783,3.6500431002375464,97.88536813423721,1437.4019790841141,0.305
2023-01-01 05:06:00,61.76665755456967,3.603701563637357,102.59446369621207,1440.8009907460676,0.306
2023-01-01 05:07:00,64.09032717356165,3.610688183707015,101.61785220846488,1404.676371242277,0.307
2023-01-01 05:08:00,62.71250460058475,3.6457278308177887,96.44693191061769,1435.2462606672402,0.308
2023-01-01 05:09:00,60.781735585195605,3.6524132148055575,98.63448504138023,1432.2280062653645,0.309
2023-01-01 05:10:00,61.519819749539266,3.7926445877759,96.63781210744376,1460.944441358833,0.31
2023-01-01 05:11:00,65.25293432296793,3.761936859944156,93.112764747576,1437.1069226215159,0.311
2023-01-01 05:12:00,62.2633823529101,3.595302177764509,96.162358777301,1440.7231305639548,0.312
2023-01-01 05:13:00,64.87858598195919,3.574183218663027,98.62927649711355,1440.852514670959,0.313
2023-01-01 05:14:00,63.964133470847756,3.656503521700753,99.38498532272482,1428.3251114907434,0.314
2023-01-01 05:15:00,62.58052809328938,3.745579750600218,97.39259218778179,1435.6477837223513,0.315
2023-01-01 05:16:00,66.34975813083115,3.6725133180095484,100.61252665761734,1449.059417020431,0.316
2023-01-01 05:17:00,65.95001678146184,3.62768205073228,99.75815001820304,1418.9948841721546,0.317
2023-01-01 05:18:00,61.56926655641549,3.598417761135171,97.2943597539001,1442.6346541560436,0.318
2023-01-01 05:19:00,64.88334150104969,3.6695436412743017,96.89644178503058,1429.5061112642677,0.319
2023-01-01 05:20:00,64.13077402774314,3.622296928601722,98.03535221849472,1450.319697856307,0.32
2023-01-01 05:21:00,64.58008434846651,3.701482267529503,97.11427455947118,1439.8795575595793,0.321
2023-01-01 05:22:00,62.595012132085245,3.5361625673418824,94.190904548642,1419.1652176814475,0.322
2023-01-01 05:23:00,64.3899783470999,3.6517300998898325,96.35633389813559,1428.47115996206,0.32300000000000006
2023-01-01 05:24:00,60.48453075986319,3.6167294649931905,98.19585181427485,1435.2913053484954,0.324
2023-01-01 05:25:00,59.33081120503167,3.684111220497236,99.42485139819728,1425.7104593692945,0.325
2023-01-01 05:26:00,57.00778467556232,3.6982283300320806,98.65958978994217,1428.0859361907922,0.326
2023-01-01 05:27:00,56.127286128913454,3.736704785220754,97.36516369227483,1424.2379722768585,0.327
2023-01-01 05:28:00,54.95014691014678,3.7882054430312286,99.58213380808776,1430.8264446755218,0.32800000000000007
2023-01-01 05:29:00,56.41708392349807,3.8386984599063156,97.49975566235355,1424.2362270120125,0.32899999999999996
2023-01-01 05:30:00,54.41180136264712,3.89758615852018,96.47289989691399,1417.0179161435744,0.33
2023-01-01 05:31:00,54.581101820637215,3.8315808841346444,99.61927546229408,1415.3386081168662,0.331
2023-01-01 05:32:00,50.48238558289917,3.833556165627065,98.12790784082418,1402.0134255578143,0.332
2023-01-01 05:33:00,50.1934456559031,3.8274874367951615,99.3305644845417,1425.2434802178561,0.333
2023-01-01 05:34:00,49.197546815690934,3.9360587995659193,94.40404826127947,1437.9874057826894,0.33399999999999996
2023-01-01 05:35:00,54.36354147025138,3.9783484077497815,95.12483361069602,1402.9465075344854,0.335
2023-01-01 05:36:00,48.83078481925254,3.8876832641779604,95.28990726971445,1404.7212896628869,0.336
2023-01-01 05:37:00,48.23096129286932,4.026685438749265,97.38065111710351,1412.5178573074074,0.337
2023-01-01 05:38:00,47.48364573069352,3.974384674017638,100.77097177811159,1410.7318002153734,0.338
2023-01-01 05:39:00,50.100488696648256,3.9223148124174,94.96207363494389,1400.852759675658,0.3390000000000001
2023-01-01 05:40:00,43.213067158656685,3.9441881806537116,99.1806029926839,1387.9178017396257,0.34
2023-01-01 05:41:00,45.85974637494549,3.9371523444155514,95.10651007177654,1414.660679213906,0.341
2023-01-01 05:42:00,42.37400673635679,3.9325057628242956,101.89995383158733,1402.291212874047,0.342
2023-01-01 05:43:00,40.60389542780121,3.999168734129712,94.63596687221361,1396.892537054276,0.343
2023-01-01 05:44:00,43.74630115093399,4.003982555516204,99.48487653013608,1386.881285791249,0.344
2023-01-01 05:45:00,45.999327693007004,4.034957279076159,99.9502169401764,1394.3295516864118,0.345
2023-01-01 05:46:00,43.649219594168876,3.9042977193012995,99.62435694600721,1375.4650884200091,0.3459999999999999
2023-01-01 05:47:00,46.215054295712186,3.9464741490651853,96.83389890479333,1401.0960943158352,0.347
2023-01-01 05:48:00,45.92238744605812,3.8888701847558202,96.68838679433917,1403.826216531609,0.348
2023-01-01 05:49:00,45.82141422663557,3.9166917126020464,101.56660607982299,1396.7766807665755,0.349
2023-01-01 05:50:00,49.11967308169889,3.839378440255274,101.34681326446993,1385.5769626801216,0.35
2023-01-01 05:51:00,45.98275695655546,3.8587344913534953,101.55456911551164,1400.5886359736658,0.3509999999999999
2023-01-01 05:52:00,48.60986258794657,3.960700834896111,102.03826076485274,1405.0106839573955,0.352
2023-01-01 05:53:00,44.99752041292119,3.8563745128578844,96.9009969011417,1390.9350242050418,0.353
2023-01-01 05:54:00,49.62970635217741,3.9756358967543695,97.09297293091062,1409.0842171856884,0.354
2023-01-01 05:55:00,49.810567926310576,3.9295900070189704,99.13825715917343,1406.4951743459417,0.355
2023-01-01 05:56:00,48.90814076526523,3.8894086982169345,99.78115873512395,1400.125104000293,0.35600000000000004
2023-01-01 05:57:00,53.0618276137073,3.884293007799179,99.83042323758427,1398.9931043215145,0.357
2023-01-01 05:58:00,51.812981044018635,4.112499403020086,101.82235362852946,1404.5530201351642,0.358
2023-01-01 05:59:00,57.804084521678575,3.9739380075174298,103.76382120534883,1398.4527530608193,0.359
2023-01-01 06:00:00,50.532366989310134,4.096781369199297,101.21200958279286,1412.6026272991096,0.36
2023-01-01 06:01:00,56.95680171619982,4.148488708800624,100.43604530787898,1417.4254144731453,0.361
2023-01-01 06:02:00,57.59451145709448,4.095013552855256,103.95848851811816,1425.3441997443101,0.36199999999999993
2023-01-01 06:03:00,57.973442432599555,4.161102256811569,102.03324334834275,1418.4048259397384,0.363
2023-01-01 06:04:00,58.46889502971199,4.238255678048131,103.07420822035704,1421.0479105236216,0.364
2023-01-01 06:05:00,60.61225639986553,4.251268349619468,102.45414872048943,1416.0699225749465,0.365
2023-01-01 06:06:00,63.492235138179076,4.232076873305802,104.05502569101321,1411.5146694172226,0.366
2023-01-01 06:07:00,58.851935045436335,4.281297421020594,101.59903148174057,1417.3332924179351,0.36700000000000005
2023-01-01 06:08:00,61.33947446115354,4.274340456327549,105.32622766713328,1437.1436046285728,0.368
2023-01-01 06:09:00,61.52453567510518,4.236584822651389,104.04939909478234,1430.2711492550286,0.369
2023-01-01 06:10:00,62.01566949839899,4.346627063217131,102.82136753954434,1428.8944798521325,0.37
2023-01-01 06:11:00,65.38595258729686,4.294685511795812,105.64006114777389,1407.3672012558845,0.371
2023-01-01 06:12:00,66.26923973241924,4.186676966367295,103.26838400330662,1429.14926349334,0.37200000000000005
2023-01-01 06:13:00,67.50668174480214,4.296757396766168,103.56945675925775,1413.0161259407498,0.373
2023-01-01 06:14:00,66.76541461894189,4.230015376582094,102.81309923427845,1413.8067519643166,0.374
2023-01-01 06:15:00,66.99728384848353,4.235528190467595,102.00336958538682,1414.7864739115491,0.375
2023-01-01 06:16:00,62.761602512200085,4.239618572628061,106.66429488580266,1418.1621033070023,0.376
2023-01-01 06:17:00,68.40360249058999,4.189678960543117,108.10196310550717,1433.64684691429,0.377
2023-01-01 06:18:00,64.7610501014425,4.311373367915469,105.03388552250668,1426.787051587683,0.37799999999999995
2023-01-01 06:19:00,66.88644673461881,4.14101963118884,104.49140781735193,1414.089446373077,0.379
2023-01-01 06:20:00,61.6079200050085,4.216231833486479,102.6055374604253,1416.513096892854,0.38
2023-01-01 06:21:00,63.32233027271304,4.233961927428231,102.01333046115046,1425.9134840920315,0.381
2023-01-01 06:22:00,65.04748007190943,4.222608449214573,107.9311883796437,1426.3409678668845,0.382
2023-01-01 06:23:00,62.49215494894755,4.220998520039274,102.63488652795473,1418.9689440590646,0.38299999999999995
2023-01-01 06:24:00,60.12991275234392,4.226043684221145,104.38741544028072,1404.2808008951117,0.384
2023-01-01 06:25:00,63.394626670384255,4.223238462331657,107.32149176818935,1409.6247392746272,0.385
2023-01-01 06:26:00,57.51453764657003,4.244639859543619,107.00015252903904,1435.4446477549095,0.386
2023-01-01 06:27:00,58.85431645925545,4.369148647334143,107.52284647007714,1397.3215995563223,0.387
2023-01-01 06:28:00,59.179458329942946,4.317238999517573,106.92644837381854,1410.907562500832,0.38800000000000007
2023-01-01 06:29:00,61.07166529259725,4.475818114258544,106.22429396618315,1426.0488992186934,0.389
2023-01-01 06:30:00,54.933288814508636,4.433447015939788,104.67426865069244,1399.7651576669505,0.39
2023-01-01 06:31:00,54.26681286000377,4.2974096833514555,105.67986078322822,1418.4974693282845,0.391
2023-01-01 06:32:00,52.9115008251215,4.504836615118958,106.35451372471906,1390.964919976012,0.392
2023-01-01 06:33:00,53.281770374079656,4.486120534943119,103.1227580984416,1375.8207098018072,0.393
2023-01-01 06:34:00,53.018490105237746,4.444816895178548,105.28806579591446,1387.5724874090222,0.39399999999999996
2023-01-01 06:35:00,53.11162675733666,4.601815300369742,106.06019211215175,1383.672949986274,0.395
2023-01-01 06:36:00,51.5742430290369,4.53330980495684,105.35735306976878,1372.5425130299882,0.396
2023-01-01 06:37:00,48.268945637110846,4.543405571522739,105.96779309498727,1383.1928981822696,0.397
2023-01-01 06:38:00,50.16529379048491,4.598211690383943,107.89518279001557,1395.5470652877016,0.398
2023-01-01 06:39:00,48.077921344339984,4.642247168607327,108.0330044755123,1378.1284582270519,0.3990000000000001
2023-01-01 06:40:00,48.83025041979202,4.592273300288351,109.35283331487727,1378.9194603536814,0.4
2023-01-01 06:41:00,48.48428028936578,4.586405449942508,103.18254811300508,1395.1841773782303,0.401
2023-01-01 06:42:00,49.77968632906811,4.543935224506585,105.2135946740786,1372.9961596943563,0.402
2023-01-01 06:43:00,45.554342727656,4.626961506759185,108.35588881741911,1385.8763241212764,0.403
2023-01-01 06:44:00,45.0236758408435,4.566943708409717,102.24425229823377,1362.0352329881457,0.4040000000000001
2023-01-01 06:45:00,46.96932682617145,4.53872784362915,103.20807540125777,1369.0885797121016,0.405
2023-01-01 06:46:00,48.50981488165789,4.5217334870702866,104.1441816978512,1376.4752514406523,0.406
2023-01-01 06:47:00,46.43965165271082,4.5806676154717705,109.27024955999877,1390.7782460848298,0.407
2023-01-01 06:48:00,49.1048594207681,4.508105294955796,103.02986085327291,1369.8534694998912,0.408
2023-01-01 06:49:00,48.379662103191315,4.567155398359027,106.93583645873765,1370.2334925651062,0.409
2023-01-01 06:50:00,47.087315006371426,4.48981872445373,104.49420621265998,1382.9030168002307,0.41
2023-01-01 06:51:00,49.20150106236834,4.551009622559621,102.03204446649198,1385.3985250589055,0.4109999999999999
2023-01-01 06:52:00,47.87889816269055,4.53090261948029,109.69333150805468,1371.7811237426529,0.412
2023-01-01 06:53:00,49.980894082943635,4.4830100610339745,104.2461357555381,1378.1484304967403,0.413
2023-01-01 06:54:00,48.18582918741275,4.540545543489148,104.36748960759496,1395.6109032326603,0.414
2023-01-01 06:55:00,51.088686739131084,4.453867313801499,104.43811032192605,1374.4499091265266,0.415
2023-01-01 06:56:00,54.172011877132746,4.548483525400669,104.03347081843302,1391.280034528955,0.41600000000000004
2023-01-01 06:57:00,54.699123859121975,4.532331154507769,107.17131903692527,1384.394325223369,0.417
2023-01-01 06:58:00,55.43256658788912,4.7392013403514035,106.18453001287745,1405.3675803540757,0.418
2023-01-01 06:59:00,55.814674717353085,4.590907300117394,100.49348349415712,1398.9636282993204,0.419
2023-01-01 07:00:00,56.61969209942557,4.8292895313608994,106.13744982594447,1403.8056289430767,0.42
2023-01-01 07:01:00,54.82617042854639,4.7565051457152006,100.44305431288548,1391.4647287134735,0.42100000000000004
2023-01-01 07:02:00,57.99694616210038,4.734730305909928,102.23183944542656,1406.9033853765413,0.42199999999999993
2023-01-01 07:03:00,59.8004015110802,4.829096530260287,98.42979143794211,1408.4151099919513,0.423
2023-01-01 07:04:00,58.178559439277464,4.782088746589762,103.1536543736411,1407.3296216029962,0.424
2023-01-01 07:05:00,57.871488166420185,4.766125096358063,100.21618229179171,1400.9239073250878,0.425
2023-01-01 07:06:00,64.52551801681165,4.859059165039958,98.28593975496828,1406.88175849635,0.426
2023-01-01 07:07:00,63.19798311680828,4.904455824353139,102.7201622803429,1388.1055167785244,0.42699999999999994
2023-01-01 07:08:00,64.27140681628948,4.943372734299922,102.97871957443145,1425.4529426896768,0.428
2023-01-01 07:09:00,65.63642358933923,4.909992157107465,102.81525306473964,1402.891113950062,0.429
2023-01-01 07:10:00,63.14592013687451,4.8601352641949775,96.60409910122956,1406.472000779577,0.43
2023-01-01 07:11:00,64.79346298830075,4.953628286651782,102.5788906650243,1397.342923828658,0.431
2023-01-01 07:12:00,68.99870037199192,4.93692731654105,98.62004237754337,1417.7500789888943,0.43200000000000005
2023-01-01 07:13:00,65.2991652141146,4.884124540696158,103.12140498659862,1416.6050524537864,0.433
2023-01-01 07:14:00,65.92350836278901,4.921330056422952,100.07425436433404,1408.4352749748102,0.434
2023-01-01 07:15:00,65.18602366999565,4.959240515549241,99.14212861498424,1387.903275516843,0.435
2023-01-01 07:16:00,65.00351050072142,4.812029633913539,98.48131801808982,1403.7748829670707,0.436
2023-01-01 07:17:00,68.5474387120223,4.7843424515782695,98.27194434603531,1414.9131790026192,0.43700000000000006
2023-01-01 07:18:00,61.12720205089148,4.792587015249354,96.78588639697404,1412.0353463999495,0.43799999999999994
2023-01-01 07:19:00,64.80642693672162,4.748203015953969,95.8655194651472,1408.0588944417623,0.439
2023-01-01 07:20:00,65.71107432310434,4.842958198852391,97.14454903836565,1403.081031454941,0.44
2023-01-01 07:21:00,68.09875214123008,4.734399188303301,100.1317444519557,1390.144138403208,0.441
2023-01-01 07:22:00,61.790997542997076,4.883798522166758,94.84902278011309,1414.0016016995419,0.442
2023-01-01 07:23:00,60.72496336951611,4.7969387286544976,100.22843032872078,1388.231400836383,0.44299999999999995
2023-01-01 07:24:00,60.81765188026861,4.912829738312692,97.75149691124514,1398.7132119250564,0.444
2023-01-01 07:25:00,63.07841079357912,4.735545544705533,98.95832010627717,1388.401089813109,0.445
2023-01-01 07:26:00,61.007937357315384,4.866426136067068,99.00558298438258,1406.5716296245225,0.446
2023-01-01 07:27:00,56.90989860172318,4.84657095398294,99.1532482461406,1400.2506134236717,0.447
2023-01-01 07:28:00,58.998232103377525,5.006994081821831,97.31219369923805,1388.5862109037485,0.44800000000000006
2023-01-01 07:29:00,60.883160164455106,5.053160070843416,97.35653857553012,1396.7524108491255,0.449
2023-01-01 07:30:00,57.27896080214633,4.8827960551325305,99.03819335190741,1372.5826069245863,0.45
2023-01-01 07:31:00,56.04883114858074,5.074084246998466,95.17926280336492,1384.3644512759608,0.451
2023-01-01 07:32:00,55.150367330986796,5.114108031990526,94.89847341000825,1372.2931318854091,0.452
2023-01-01 07:33:00,54.533835497376224,5.10506275148979,96.39718445197603,1390.8202930730122,0.45300000000000007
2023-01-01 07:34:00,50.208430446438356,5.14372264801834,97.95544304030562,1382.1081622397926,0.45399999999999996
2023-01-01 07:35:00,51.36115199577278,5.162405291117222,101.28711316843423,1382.749430178124,0.455
2023-01-01 07:36:00,50.60263521092248,5.198581075729521,97.62068285941746,1368.7118731121263,0.456
2023-01-01 07:37:00,49.19675589645643,5.114828837513011,101.61740289249981,1379.8154983647903,0.457
2023-01-01 07:38:00,50.81079496277385,5.23947690675883,98.75318810763667,1359.4673004045471,0.458
2023-01-01 07:39:00,47.5268431297375,5.195572968424286,96.93304207831943,1359.3344020260265,0.45899999999999996
2023-01-01 07:40:00,47.51980911930736,5.194069232366934,100.26401027811964,1365.9279273807156,0.46
2023-01-01 07:41:00,45.25920006226563,5.212645730009794,97.62592151112878,1357.1318590390629,0.461
2023-01-01 07:42:00,48.17605595633018,5.11524008578777,98.76733392500905,1372.5749185557247,0.462
2023-01-01 07:43:00,49.047329916184,5.093001555070112,95.7565275861614,1359.952485388777,0.463
2023-01-01 07:44:00,46.292740011112684,5.154739560966632,95.58694833296856,1353.302967796892,0.4640000000000001
2023-01-01 07:45:00,48.589780821307805,5.227176946569041,99.8967771556823,1351.6481809490272,0.465
2023-01-01 07:46:00,46.75086749544287,5.079939699483201,101.19180487610888,1370.5834953545875,0.466
2023-01-01 07:47:00,42.1686252525466,5.138084057725745,103.07973304985735,1338.2462927979834,0.467
2023-01-01 07:48:00,47.406404167639515,5.08538727937395,97.78232885585,1353.8684810467548,0.468
2023-01-01 07:49:00,47.54840300520587,5.073136595989615,102.54929307490654,1378.5081386867698,0.469
2023-01-01 07:50:00,48.59573716167897,5.138434877920399,102.478893799954,1361.7358586175426,0.47
2023-01-01 07:51:00,49.481200926531706,5.152863123339958,99.10272178322876,1373.2341920430274,0.4709999999999999
2023-01-01 07:52:00,48.28070869452711,5.081170237015011,103.10249056353376,1371.4120966993723,0.472
2023-01-01 07:53:00,53.34632389193131,5.199910323261511,102.46159300484389,1366.458644849285,0.473
2023-01-01 07:54:00,51.09982436946406,5.166019529695111,103.10928118520442,1353.1551891253177,0.474
2023-01-01 07:55:00,51.72567265162719,5.151313561395893,105.4156255319738,1357.991299112755,0.475
2023-01-01 07:56:00,54.56169278584476,5.203061419247524,103.54176524101119,1359.438070490106,0.4759999999999999
2023-01-01 07:57:00,54.10190994682856,5.313038850503562,97.32903141607456,1379.390167395504,0.477
2023-01-01 07:58:00,60.222566410311174,5.277002873247454,102.51247867565682,1383.0375719184478,0.478
2023-01-01 07:59:00,55.719899785107515,5.234273984155283,98.9997172166463,1369.3712849442657,0.479
2023-01-01 08:00:00,57.9036309018277,5.299064625236148,102.70290014055426,1379.2122817058307,0.48
2023-01-01 08:01:00,56.761979322942395,5.337354612640351,102.85393550412532,1381.9217162500752,0.48100000000000004
2023-01-01 08:02:00,61.05018799425408,5.3939415036898275,101.7652525108144,1384.4401851332896,0.482
2023-01-01 08:03:00,60.95260673213715,5.400755911272709,101.14196603885439,1377.8104734262906,0.483
2023-01-01 08:04:00,60.64943032911133,5.509080677995348,102.39889465259432,1403.5152888452255,0.484
2023-01-01 08:05:00,60.53012380279659,5.425268218943385,103.04477412265642,1395.5287418637533,0.485
2023-01-01 08:06:00,60.549007923722094,5.368610366758176,103.71167528000552,1390.9865426937579,0.486
2023-01-01 08:07:00,64.83373518134013,5.48017861801169,104.4377075600002,1386.444310317978,0.48699999999999993
2023-01-01 08:08:00,61.97768931371985,5.457395929577022,105.64418486646352,1384.5272119945225,0.488
2023-01-01 08:09:00,68.04211828214977,5.409904102122074,104.08984788065382,1397.9092908221583,0.489
2023-01-01 08:10:00,63.48456353830763,5.451426341295089,107.509296869344,1390.0827875979965,0.49
2023-01-01 08:11:00,66.14370473720948,5.466395084138873,105.10171815971896,1396.8582284188055,0.491
2023-01-01 08:12:00,65.12748261880387,5.535768736041773,107.2479078986091,1377.0280186174507,0.49200000000000005
2023-01-01 08:13:00,67.24184847621521,5.396511248412686,105.00264032046857,1391.0150138115891,0.493
2023-01-01 08:14:00,67.40823331243334,5.478280432460541,111.303071370468,1395.2995589361985,0.494
2023-01-01 08:15:00,68.31460599603915,5.56102403107606,106.94506225600045,1405.9281221080453,0.495
2023-01-01 08:16:00,64.33266096601275,5.430465749134393,109.46632133002018,1386.6671973446882,0.496
2023-01-01 08:17:00,65.70907068898013,5.419114311209162,104.98284582965928,1380.4546196192043,0.49700000000000005
2023-01-01 08:18:00,68.92166006525595,5.457210300744639,105.64078441526246,1398.968352946645,0.498
2023-01-01 08:19:00,67.93755778043402,5.441794597247941,106.18407753442831,1392.8803448063945,0.499
2023-01-01 08:20:00,61.161288981291705,5.484275570816758,111.77612687245836,1375.1002722675426,0.5
2023-01-01 08:21:00,66.35962911693919,5.406538791975552,106.53455258481063,1374.2087447510542,0.501
2023-01-01 08:22:00,62.896518302837706,5.455657456045654,105.43085909829955,1382.8941374888452,0.502
2023-01-01 08:23:00,63.05266031017803,5.466452849906874,109.78471503958038,1386.79513825066,0.503
2023-01-01 08:24:00,62.98319734829608,5.428116553712919,107.3928912729483,1399.6485563367855,0.504
2023-01-01 08:25:00,65.68978031529934,5.457698450122455,106.91839021014371,1372.938606673267,0.505
2023-01-01 08:26:00,59.571971612391444,5.485125558879273,106.20017338071331,1387.0225041307056,0.506
2023-01-01 08:27:00,57.88738324094924,5.449336484038731,108.45109881937971,1359.8218319091702,0.507
2023-01-01 08:28:00,60.59975456173903,5.519892416019738,109.63792074406078,1380.7678426936059,0.508
2023-01-01 08:29:00,58.62424938800859,5.644017057256566,109.11431855530914,1389.906417726689,0.509
2023-01-01 08:30:00,60.06400647750508,5.651885830783557,106.59133244500923,1373.9170471665393,0.51
2023-01-01 08:31:00,55.9140475556208,5.601794373296001,105.5727422984617,1363.4777848269118,0.511
2023-01-01 08:32:00,58.02251761020644,5.659886556880949,99.49436716331363,1380.1671277336507,0.512
2023-01-01 08:33:00,54.637367251687046,5.737348019700626,105.61250428662323,1369.0584784255377,0.513
2023-01-01 08:34:00,54.70086378636947,5.736484766924851,106.71646892098634,1364.9012132058392,0.514
2023-01-01 08:35:00,55.97288697403256,5.776598088002984,107.28654946826397,1351.0726705991053,0.515
2023-01-01 08:36:00,51.52765166759694,5.781812057569248,106.79366003587023,1362.881994021429,0.516
2023-01-01 08:37:00,53.15302640776225,5.780222759673334,112.85465602770478,1350.520226329342,0.517
2023-01-01 08:38:00,49.11135460175005,5.771157555394509,108.14045756267828,1358.751524336742,0.518
2023-01-01 08:39:00,50.14990796404301,5.7253502236165055,104.57474716868578,1354.5550515107273,0.519
2023-01-01 08:40:00,46.25042761878906,5.821214284651857,108.24126181576587,1363.5206573833605,0.52
2023-01-01 08:41:00,47.67090548561552,5.77322688164737,107.58130628126942,1345.7190316421957,0.521
2023-01-01 08:42:00,46.20336431933219,5.696384180536406,104.55526374783713,1348.9854023874693,0.522
2023-01-01 08:43:00,50.50502919917143,5.74339071464701,107.07834091394957,1357.6701803543353,0.523
2023-01-01 08:44:00,51.392377768219,5.803405653554417,107.39602665375418,1346.7491863770992,0.524
2023-01-01 08:45:00,47.16559611133612,5.654191780936704,108.20954275482818,1348.5347385431119,0.525
2023-01-01 08:46:00,46.39870468151509,5.687732605158434,102.42430852479083,1344.542248277483,0.526
2023-01-01 08:47:00,45.495634999242,5.736183005758382,107.07775797767621,1347.0505895971737,0.527
2023-01-01 08:48:00,48.93851758925259,5.791507406940467,108.3987355720002,1355.688445395055,0.528
2023-01-01 08:49:00,47.594972714237166,5.765684320898953,109.14356833309122,1367.8382148491562,0.529
2023-01-01 08:50:00,48.19231327945907,5.788479190553056,102.69786494710713,1333.3944800388288,0.53
2023-01-01 08:51:00,53.13400729111436,5.7252834408067965,104.63304795343069,1338.4194708293662,0.531
2023-01-01 08:52:00,49.9557544421337,5.710088788739821,104.5955521584443,1350.7223414557961,0.532
2023-01-01 08:53:00,52.47699307708871,5.772713144184821,105.80787722089109,1353.863825508498,0.533
2023-01-01 08:54:00,52.23806965690444,5.699925984378622,103.88582677681839,1352.5677760462997,0.534
2023-01-01 08:55:00,50.31458918531914,5.714528297109825,102.53830808303424,1350.7172142713193,0.535
2023-01-01 08:56:00,50.28287282356575,5.72793102869386,104.1539111992586,1345.5416920952705,0.536
2023-01-01 08:57:00,55.93987417364191,5.865665705819007,102.79216819288622,1353.4620110411784,0.537
2023-01-01 08:58:00,59.39910413355598,5.797597306818562,104.33702137770877,1369.5141323736236,0.538
2023-01-01 08:59:00,57.66969043816444,5.919239001344038,101.33754500752298,1364.0900984974623,0.539
2023-01-01 09:00:00,59.348180366368254,5.907422514182553,100.65538068790413,1371.7556189790491,0.54
2023-01-01 09:01:00,57.35087202150556,5.985878151559005,105.07420065523522,1354.8064285656417,0.541
2023-01-01 09:02:00,62.23890559230353,5.905404555239326,106.73241291127061,1383.0996670234838,0.542
2023-01-01 09:03:00,63.24017885351355,5.957502742395147,105.57737012824533,1364.811493374874,0.543
2023-01-01 09:04:00,60.83496948614964,6.037013935766718,101.53659036001416,1376.8867491409871,0.544
2023-01-01 09:05:00,64.26581754766627,6.015054545043438,103.54115911764974,1372.4991946802998,0.545
2023-01-01 09:06:00,60.53501682157881,5.930438149205382,99.81234946369852,1369.8555616601489,0.546
2023-01-01 09:07:00,66.3441299971065,6.000839216916338,101.95951883037817,1380.9607975398303,0.547
2023-01-01 09:08:00,64.50661308321388,6.023789354835778,99.53871125078103,1383.8679944818198,0.548
2023-01-01 09:09:00,63.87091166992942,6.0331483451114964,102.9880557371825,1405.8104827924094,0.549
2023-01-01 09:10:00,67.71553395182838,6.120691699470177,102.4969294358477,1386.213207550467,0.55
2023-01-01 09:11:00,63.85699464619471,6.101166917089977,104.18371304711981,1386.7636006962603,0.551
2023-01-01 09:12:00,68.47539232448817,6.086889755898157,99.36246356347264,1392.4699465628844,0.552
2023-01-01 09:13:00,65.81191774824823,6.171107114719541,102.77646544693484,1386.631492219414,0.553
2023-01-01 09:14:00,65.56266670721901,6.119552391860169,100.43727709206189,1381.0032902179003,0.554
2023-01-01 09:15:00,68.44470592275937,6.090090964510053,99.39024303253596,1384.5072503424362,0.555
2023-01-01 09:16:00,67.94011643865299,5.964445527918154,99.73826355280615,1389.438508263879,0.556
2023-01-01 09:17:00,71.05005490951908,6.03230333250397,102.29529651572211,1394.220583735011,0.557
2023-01-01 09:18:00,65.31096266270632,6.036156307886818,98.48104159833777,1364.4142832917626,0.558
2023-01-01 09:19:00,70.27056355875543,5.99492415598922,98.43952343650373,1359.6185025114821,0.559
2023-01-01 09:20:00,64.78496482930586,6.098716448660679,94.33846878541758,1390.8042625590692,0.56
2023-01-01 09:21:00,68.34405477659959,6.017454543899184,98.05587124966208,1367.9557346594347,0.561
2023-01-01 09:22:00,68.07363330048071,5.959130372201279,98.77099656770336,1357.7835665723383,0.562
2023-01-01 09:23:00,65.77922363537046,5.980678941925718,96.62260231199289,1355.1129767801215,0.563
2023-01-01 09:24:00,62.75594476184792,6.159011465281812,96.04900702116133,1388.7741853022085,0.564
2023-01-01 09:25:00,60.42909105608711,6.04239131075796,94.2928937162512,1377.52612814528,0.565
2023-01-01 09:26:00,58.65381346356765,5.981759070292229,96.76996080572454,1358.6838047151325,0.566
2023-01-01 09:27:00,65.29975185189126,6.081254250742428,100.73891649061854,1356.8927964818254,0.567
2023-01-01 09:28:00,60.00540712071365,6.047995361018229,94.90368591694059,1362.7068666879168,0.568
2023-01-01 09:29:00,57.37094953722156,6.215074370841762,99.42988682985145,1368.4344742435517,0.569
2023-01-01 09:30:00,56.26367878791982,6.102257396043442,99.60869309405417,1354.5599223886761,0.57
2023-01-01 09:31:00,57.855440154537035,6.160680914564935,102.76757556851194,1347.2991479906148,0.571
2023-01-01 09:32:00,55.7111788846142,6.260873092333136,99.96410089296377,1364.1922318023417,0.572
2023-01-01 09:33:00,51.666244898536625,6.344247533580069,99.83571745923666,1350.3112786653398,0.573
2023-01-01 09:34:00,56.271714908168924,6.310842779123773,98.71465650278073,1346.44900798191,0.574
2023-01-01 09:35:00,54.29496711099588,6.273720268488491,98.04708553704658,1352.1712462474534,0.575
2023-01-01 09:36:00,56.44196947541305,6.364233801164282,99.82911644471527,1322.8809778377906,0.576
2023-01-01 09:37:00,54.245276831520506,6.3460623163380205,100.71450041293008,1347.108735884654,0.577
2023-01-01 09:38:00,45.04225743618451,6.436087298197633,98.66326532669156,1344.7462648263825,0.578
2023-01-01 09:39:00,53.42877800392566,6.427845051700167,101.02373918278731,1325.2804946253277,0.579
2023-01-01 09:40:00,52.45472846070472,6.359744567254411,104.33629557375319,1318.2657606344846,0.58
2023-01-01 09:41:00,48.10679991886198,6.423303123067896,98.85336496991353,1330.8354753115364,0.581
2023-01-01 09:42:00,48.354283322802324,6.392339805939206,99.0629182833039,1337.3086032771496,0.582
2023-01-01 09:43:00,49.786974207144425,6.439014137643594,98.84503651686786,1337.5357581594324,0.583
2023-01-01 09:44:00,46.786351028723615,6.397650234416705,99.471761755187,1351.1500268908537,0.584
2023-01-01 09:45:00,48.28954226357434,6.377349786243883,101.83567668201997,1335.584194590212,0.585
2023-01-01 09:46:00,50.844855937969086,6.4056068048517725,99.75845624182087,1319.621295491019,0.586
2023-01-01 09:47:00,50.058979810042096,6.3300965697703,100.16675420937351,1331.1773335450239,0.587
2023-01-01 09:48:00,47.97586530912498,6.2825664519738,99.50177440721605,1320.992435724208,0.588
2023-01-01 09:49:00,51.745066536856434,6.3257275043869665,101.19991982600799,1332.6880553108215,0.589
2023-01-01 09:50:00,50.79553648724147,6.29562674441513,99.44360722316526,1349.2685994991405,0.59
2023-01-01 09:51:00,51.31224096214427,6.34510417582797,98.23275277226257,1340.662088176294,0.591
2023-01-01 09:52:00,50.41868701926365,6.323645012212082,101.82166076629498,1329.9292555223522,0.592
2023-01-01 09:53:00,52.19061684907364,6.350694654084199,105.13192919510209,1344.2907955710366,0.593
2023-01-01 09:54:00,51.48396451383572,6.284688611725709,100.84502689539191,1331.9664733171064,0.594
2023-01-01 09:55:00,50.04389683059266,6.388811786389337,99.5984945002328,1313.615558363912,0.595
2023-01-01 09:56:00,54.313049237843984,6.321424378109549,105.77172558722998,1330.5304280392827,0.596
2023-01-01 09:57:00,55.620525564060884,6.45930948384752,102.29394907023854,1349.154064131034,0.597
2023-01-01 09:58:00,57.1654606507977,6.4874890545218715,104.3564742486481,1354.065126586588,0.598
2023-01-01 09:59:00,60.3640245640605,6.486606537548565,101.27538857480779,1365.3359076014551,0.599
2023-01-01 10:00:00,57.695430310546556,6.515504345417626,103.01954113470649,1353.4117962900336,0.6
2023-01-01 10:01:00,59.32478062564707,6.519608365551129,106.0677885542163,1365.312162199439,0.601
2023-01-01 10:02:00,62.64147210342002,6.53051223072606,103.79418725422666,1359.9591653976702,0.602
2023-01-01 10:03:00,60.63012571458577,6.588029564957778,104.08357671019392,1364.8043669922195,0.603
2023-01-01 10:04:00,63.43486548837489,6.713448728628197,101.08237049816397,1368.1519377274067,0.604
2023-01-01 10:05:00,63.25843597287129,6.648068486217846,105.8931621694123,1363.6201715642028,0.605
2023-01-01 10:06:00,64.48060375750184,6.587818196427037,103.00332072572479,1371.0041922626556,0.606
2023-01-01 10:07:00,67.3125958420099,6.584034241224871,107.06624054887374,1354.64708163335,0.607
2023-01-01 10:08:00,65.80454214281303,6.607548471962317,105.47844566955762,1338.596716907236,0.608
2023-01-01 10:09:00,68.80665795822912,6.666225822616092,105.89739074222216,1370.4377369284305,0.609
2023-01-01 10:10:00,63.90538782143408,6.749892494596761,107.09508363810264,1368.5682933842756,0.61
2023-01-01 10:11:00,65.44122522858709,6.633140293229306,106.52873407316173,1356.768188167102,0.611
2023-01-01 10:12:00,64.05416498145385,6.749865849459022,109.43583309260123,1353.3966063092566,0.612
2023-01-01 10:13:00,66.6449347730041,6.67964608389441,109.33167915296588,1367.6197010136023,0.613
2023-01-01 10:14:00,72.86890627938108,6.684963352495691,103.98116524454004,1373.5596574312208,0.614
2023-01-01 10:15:00,69.18992818263308,6.672801979419187,106.26910990341969,1371.4491007233657,0.615
2023-01-01 10:16:00,67.74261345276783,6.668742095753445,108.46879388854778,1355.6939845499153,0.616
2023-01-01 10:17:00,70.6020896573229,6.608758061291314,105.08552388325784,1357.359115220969,0.617
2023-01-01 10:18:00,70.6285872774659,6.504500695309996,103.99896345297023,1371.2159838776504,0.618
2023-01-01 10:19:00,65.97875894830098,6.58626766632898,105.76794368221634,1364.247770403489,0.619
2023-01-01 10:20:00,72.95665427379264,6.569003500344748,107.19979620654891,1372.9220472231464,0.62
2023-01-01 10:21:00,67.95783162975161,6.6304224725557,99.43082633347306,1357.6976204903463,0.621
2023-01-01 10:22:00,67.56615223168265,6.63150975633769,105.44994798228392,1366.7581445175908,0.622
2023-01-01 10:23:00,67.03077236630432,6.616928829308912,104.22583159409689,1357.236113866882,0.623
2023-01-01 10:24:00,66.2281282630167,6.732670597373989,110.16862711773274,1348.5276926748697,0.624
2023-01-01 10:25:00,63.13205319057106,6.631361028990224,109.81758678475131,1363.0316283351012,0.625
2023-01-01 10:26:00,67.68240501268362,6.574398850582816,108.57786538238979,1341.7091237075877,0.626
2023-01-01 10:27:00,61.92479305026216,6.717194308441042,108.27346545121846,1350.1718588468102,0.627
2023-01-01 10:28:00,63.41415246346425,6.7987860842971175,109.20222315938025,1348.9330979711335,0.628
2023-01-01 10:29:00,59.53041538823403,6.783566874798363,106.14147729478051,1343.637682150315,0.629
2023-01-01 10:30:00,58.14546699379336,6.782168075293049,110.65577799082732,1352.4079950012535,0.63
2023-01-01 10:31:00,62.22344459382543,6.842813544338777,108.33419025021573,1345.8855846552153,0.631
2023-01-01 10:32:00,57.1841410185847,6.952618992523056,109.96780801736062,1342.3760510758682,0.632
2023-01-01 10:33:00,56.336615654271405,6.845022123831214,109.85627243590498,1336.2542907562183,0.633
2023-01-01 10:34:00,56.00986798025198,6.915858141757952,109.12896694026357,1351.9285442721089,0.634
2023-01-01 10:35:00,59.72854094264169,6.970099679186474,108.63046510924768,1345.8966725888183,0.635
2023-01-01 10:36:00,57.999669812918086,6.9678000111627965,108.41216227025245,1338.438586112535,0.636
2023-01-01 10:37:00,55.43125915306303,6.957058836574565,107.72694829285703,1334.918415180757,0.637
2023-01-01 10:38:00,57.845796910707016,6.9581358962147375,108.72364075578116,1319.6145217176318,0.638
2023-01-01 10:39:00,49.60567661640875,6.970845927894927,108.06245103755754,1323.578868070233,0.639
2023-01-01 10:40:00,52.25151394353843,7.013204156649578,106.55608529285318,1329.0377009557876,0.64
2023-01-01 10:41:00,50.63119128553483,7.00800310064068,108.61778229703413,1331.994901301413,0.6409999999999999
2023-01-01 10:42:00,46.581259372976774,7.0835144544216755,107.8160850177144,1329.3993477083698,0.642
2023-01-01 10:43:00,50.7897178539895,6.893834188608265,109.52030618297249,1325.49667093256,0.643
2023-01-01 10:44:00,48.733128086489174,7.048686503574508,103.31489056067149,1339.1158214147779,0.644
2023-01-01 10:45:00,52.742001681960616,6.939776183528776,106.83297504686327,1317.3941185697117,0.645
2023-01-01 10:46:00,48.95473731744052,6.93467947984882,105.12584717927436,1328.7414601377386,0.6460000000000001
2023-01-01 10:47:00,49.01974005421625,6.972262992450387,105.34635646640753,1327.6014484526656,0.647
2023-01-01 10:48:00,53.27557248875107,6.963841895278752,107.29842231664217,1323.4195294533304,0.648
2023-01-01 10:49:00,50.468637466729646,6.973516419148013,103.09607418540247,1324.2840931785045,0.649
2023-01-01 10:50:00,53.415501349649915,6.982136324067604,106.01627129249981,1324.7829399725676,0.65
2023-01-01 10:51:00,52.52354893609712,6.912902798606288,105.5858316234873,1313.987296920854,0.6510000000000001
2023-01-01 10:52:00,53.224094667833,6.989929354502375,103.19378405951775,1326.1457136051204,0.652
2023-01-01 10:53:00,52.615599190650606,6.899090001157088,105.37298554190899,1330.8501943443086,0.653
2023-01-01 10:54:00,54.936567568489295,6.92962949958439,103.29197862102231,1327.963659396047,0.654
2023-01-01 10:55:00,54.56201637602157,6.954296706172415,108.96406266762177,1307.829172423912,0.655
2023-01-01 10:56:00,54.165026673929155,6.959354036807434,106.7234917231254,1312.0035784690751,0.6560000000000001
2023-01-01 10:57:00,56.55632142561764,7.014214290988047,104.20169224425094,1321.3873402774777,0.657
2023-01-01 10:58:00,60.366544669172555,7.084147571787791,102.94914526555652,1330.2224936795944,0.6579999999999999
2023-01-01 10:59:00,59.91173381850609,7.101776129790805,104.56478045668527,1325.5139616835716,0.659
2023-01-01 11:00:00,61.43688146265343,7.069340783339585,104.83495183562839,1341.4591201541919,0.66
2023-01-01 11:01:00,60.963219375560804,7.096015133326456,103.55238539836054,1348.760558420676,0.661
2023-01-01 11:02:00,58.13353659581452,7.117906314520616,100.75706261091288,1351.9949312278345,0.662
2023-01-01 11:03:00,60.59231294691125,7.193218116345136,102.11365214239304,1343.7984526113735,0.6629999999999999
2023-01-01 11:04:00,63.44935532367033,7.13527230967062,102.43646769482235,1352.9763430310647,0.664
2023-01-01 11:05:00,62.70487530896536,7.192072520435837,102.61145480940581,1338.1244822638125,0.665
2023-01-01 11:06:00,64.81913739774313,7.2321645979957605,102.41164133040881,1343.7391683255073,0.666
2023-01-01 11:07:00,65.57519692416014,7.322220737429946,103.00482472266336,1334.9627303057705,0.667
2023-01-01 11:08:00,66.39063077451887,7.272843675978285,103.98975736206121,1359.9318899992652,0.6679999999999999
2023-01-01 11:09:00,70.99950965435767,7.33539860085281,103.10017491469434,1368.5897984075643,0.669
2023-01-01 11:10:00,68.6042974879853,7.295981280037993,102.03063969141438,1346.3345309103406,0.67
2023-01-01 11:11:00,71.06979489262707,7.260599524256762,98.11639684269915,1328.8192997672504,0.671
2023-01-01 11:12:00,69.91845505206759,7.257121430257417,102.79376020990307,1341.4671116748375,0.672
2023-01-01 11:13:00,72.70796922265828,7.212370758378665,101.85601074896476,1344.8112292938144,0.6730000000000002
2023-01-01 11:14:00,72.09717816397799,7.380950265366636,99.5127644112777,1338.1284100137284,0.674
2023-01-01 11:15:00,68.94196826065887,7.305525627575622,99.89894415597958,1340.9469234942665,0.675
2023-01-01 11:16:00,74.00847790027909,7.269395109691102,99.79543781535338,1352.93662016327,0.676
2023-01-01 11:17:00,69.02743119330123,7.164160851512019,98.6236255438545,1356.9101767085538,0.677
2023-01-01 11:18:00,70.0805664946149,7.19864017033545,95.84884595385327,1328.8772206856147,0.6780000000000002
2023-01-01 11:19:00,70.07450824248666,7.16691883356775,96.9685618735778,1343.1992940180376,0.679
2023-01-01 11:20:00,69.83698355827336,7.219775871274252,97.25685841008219,1347.6972701227746,0.68
2023-01-01 11:21:00,69.89752973370202,7.168528985673954,95.01430713287301,1335.2626643406525,0.681
2023-01-01 11:22:00,66.14787941727863,7.1870332814407005,96.61574017420219,1346.724738062527,0.682
2023-01-01 11:23:00,68.3609765972153,7.185490062896227,101.0294966973308,1341.4543149512444,0.6830000000000002
2023-01-01 11:24:00,67.30014363694217,7.232906682132278,99.63655409744248,1336.2697988313491,0.684
2023-01-01 11:25:00,65.27594406957824,7.266968708643396,96.65340113812329,1330.1050838824337,0.685
2023-01-01 11:26:00,63.977879422849824,7.275022420251613,97.16281488067503,1339.3688107590199,0.686
2023-01-01 11:27:00,61.778966652697996,7.387866798041336,100.9549255489059,1326.7954636403626,0.687
2023-01-01 11:28:00,63.359819232426574,7.379881680915076,100.87632493966592,1314.8280959314418,0.688
2023-01-01 11:29:00,60.05934559276001,7.330057190988278,98.59162831796594,1330.0615625008627,0.689
2023-01-01 11:30:00,60.82576154039922,7.416280284072173,100.79959538676326,1315.1097673969011,0.69
2023-01-01 11:31:00,59.11705732168735,7.3957581139786095,96.93004430433504,1308.69746773086,0.691
2023-01-01 11:32:00,55.63256158032401,7.440917467893543,98.94211036340027,1324.1369869663438,0.6919999999999998
2023-01-01 11:33:00,55.43795302850458,7.512738385393049,95.57785658497492,1318.9405685496413,0.693
2023-01-01 11:34:00,57.1521852847891,7.547596982076934,97.85062167063305,1309.7019009666055,0.694
2023-01-01 11:35:00,54.37636377206121,7.507230939663994,98.70152393754375,1318.5394024389627,0.695
2023-01-01 11:36:00,53.445307140100226,7.499862172290239,95.35459962368913,1318.483618070286,0.696
2023-01-01 11:37:00,52.23579913192273,7.573837364423043,100.00333010831464,1314.7656732520586,0.6969999999999998
2023-01-01 11:38:00,51.57852869949709,7.601183309965925,100.44267597703805,1312.672351042601,0.698
2023-01-01 11:39:00,55.68016309196323,7.553191210098678,101.06220552194688,1293.0158298419028,0.699
2023-01-01 11:40:00,49.59986768814645,7.6274302662567255,103.83836677570366,1320.6118624478074,0.7
2023-01-01 11:41:00,54.325351914904346,7.6162791327110115,100.1450758587907,1312.0537961280668,0.701
2023-01-01 11:42:00,50.35797239545191,7.546134973434066,99.3367492749876,1295.9709604887692,0.7019999999999998
2023-01-01 11:43:00,49.456015007506224,7.62718177360054,96.42510417371624,1304.569467401385,0.703
2023-01-01 11:44:00,51.38242817397982,7.618827533297652,100.5881807358147,1305.8924715038913,0.704
2023-01-01 11:45:00,50.6810815685409,7.653383405281181,101.10833178488342,1303.3566004407264,0.705
2023-01-01 11:46:00,50.24978114457994,7.624796816817412,97.47232242500687,1321.5401720107395,0.706
2023-01-01 11:47:00,51.26329125364886,7.4841956745662115,99.90822340481638,1284.2345310157114,0.7070000000000001
2023-01-01 11:48:00,51.18383123092101,7.567470600814042,100.62333892397234,1289.216895267038,0.708
2023-01-01 11:49:00,51.068349920894335,7.559666982281726,101.880855713581,1281.4897324555209,0.709
2023-01-01 11:50:00,53.86109472065705,7.495973299650414,102.76248282459308,1305.9782524670134,0.71
2023-01-01 11:51:00,49.68087662522816,7.537640584773786,100.21193293367986,1311.5098094955652,0.711
2023-01-01 11:52:00,51.41922209889728,7.426666627951983,101.92903844198999,1310.7530938319073,0.7120000000000001
2023-01-01 11:53:00,52.42726360180754,7.435278527068524,102.92063121673321,1305.4761449049777,0.713
2023-01-01 11:54:00,52.7162741530574,7.4591622513471165,101.66135656256502,1313.8096978916703,0.714
2023-01-01 11:55:00,55.89685321866489,7.582860305692893,101.43798017976303,1308.2855048540196,0.715
2023-01-01 11:56:00,57.68347268739094,7.607510974048264,103.96560043913132,1320.2725239683102,0.716
2023-01-01 11:57:00,53.73976906720864,7.597527269112032,102.44739594225854,1325.6426026863571,0.7170000000000001
2023-01-01 11:58:00,57.74277694575076,7.725384792130383,100.67318632056113,1307.0298858591093,0.718
2023-01-01 11:59:00,59.09638820622519,7.718562601063686,106.07940487755488,1315.2830561242768,0.7189999999999999
2023-01-01 12:00:00,60.22828808768511,7.620084340760508,101.42741668600412,1318.7433461472747,0.72
2023-01-01 12:01:00,59.290108692943456,7.722192458787504,103.67766669667655,1336.0949020606492,0.721
2023-01-01 12:02:00,62.282475162522175,7.713689398498512,104.77616943526603,1315.5238132563002,0.722
2023-01-01 12:03:00,62.11292416000926,7.809478318665323,105.30758882140444,1336.406968003465,0.723
2023-01-01 12:04:00,64.25861221735536,7.8127855363094705,104.99879206752408,1312.4741361575332,0.7239999999999999
2023-01-01 12:05:00,62.43574496266893,7.792453621683122,99.03484360415138,1341.185456010978,0.725
2023-01-01 12:06:00,66.11273367618676,7.939829278155911,103.77005759222806,1338.77453913962,0.726
2023-01-01 12:07:00,66.1582388716636,7.872322034934765,106.01942044469338,1330.0760367442783,0.727
2023-01-01 12:08:00,67.82648615928018,7.858650212563315,105.45549679882649,1342.0296336280198,0.728
2023-01-01 12:09:00,69.62675536437835,7.8724486541565,106.9382850990295,1328.920934515533,0.7289999999999999
2023-01-01 12:10:00,69.52078391701396,7.967535942688875,108.19298997281489,1325.5923785758646,0.73
2023-01-01 12:11:00,71.68724497997714,7.929878214539441,107.39156993411352,1352.58553371032,0.731
2023-01-01 12:12:00,69.76903233655882,7.870660969820993,105.14089481650024,1330.6093187805684,0.732
2023-01-01 12:13:00,72.01424564306822,7.8210691803026,105.73459665080385,1343.0829759878134,0.733
2023-01-01 12:14:00,73.20519316644307,7.818981412173797,110.27853383539083,1347.4788520980824,0.7340000000000001
2023-01-01 12:15:00,71.57251941092791,7.825892869449767,106.85231560422511,1344.3133201905894,0.735
2023-01-01 12:16:00,70.94362329261831,7.864567118879003,107.20490776385365,1341.8831546160932,0.736
2023-01-01 12:17:00,71.66520017569562,7.867152930741756,108.59048177309839,1342.1147128153088,0.737
2023-01-01 12:18:00,71.19873239786047,7.784944416822002,110.2095282576435,1345.095661720245,0.738
2023-01-01 12:19:00,72.22294059261256,7.855723526620837,106.08582438856735,1336.6981265029813,0.7390000000000001
2023-01-01 12:20:00,71.34785295686413,7.7679666652231525,107.03789346255914,1331.9240872967398,0.74
2023-01-01 12:21:00,70.81682436459896,7.784305665672208,104.95210911808863,1317.2409343204667,0.741
2023-01-01 12:22:00,68.64950016989758,7.7480716344279,107.6849835007065,1332.5441651332849,0.742
2023-01-01 12:23:00,68.51875932897357,7.756582423154002,109.51808886170393,1337.9159958967562,0.743
2023-01-01 12:24:00,67.68290504943668,7.798922980330659,107.74680161737321,1314.7484830492147,0.7440000000000001
2023-01-01 12:25:00,63.760241195784616,7.862110871827088,112.07425497779269,1321.459432778583,0.745
2023-01-01 12:26:00,67.39519846760865,7.83598644842172,108.85314144186066,1325.888463929506,0.746
2023-01-01 12:27:00,60.95658888386055,7.986125692856038,108.46891021300772,1334.5539978612117,0.747
2023-01-01 12:28:00,64.72349022343168,7.892701486375972,108.00833704519928,1305.572542240892,0.748
2023-01-01 12:29:00,62.814276826391946,7.978406151043296,106.01843562482907,1322.7750941536974,0.7490000000000001
2023-01-01 12:30:00,60.68142354446158,8.066012148362633,108.56933538897968,1308.922130915192,0.75
2023-01-01 12:31:00,61.0020956849761,8.035416799295461,109.46492090002921,1303.4231049703421,0.7509999999999999
2023-01-01 12:32:00,60.03802174428129,8.042477873099129,108.49646996499709,1298.6616835324978,0.752
2023-01-01 12:33:00,55.58923024274436,8.096128954556926,109.16566824507471,1299.0142347543915,0.753
2023-01-01 12:34:00,60.074886133405116,8.086227749344706,107.31938553085882,1308.3563315582833,0.754
2023-01-01 12:35:00,56.46927610770342,8.086562080676309,106.11518353760782,1298.9722872375605,0.755
2023-01-01 12:36:00,60.09161208615708,8.185740965931236,108.32286519803777,1306.3866696314676,0.7559999999999999
2023-01-01 12:37:00,56.243235993684905,8.140296615682505,108.89411597840378,1286.1488994293416,0.757
2023-01-01 12:38:00,54.03734643905688,8.22628985271335,108.02034521824876,1302.607074519684,0.758
2023-01-01 12:39:00,51.91475148426525,8.22491879160586,108.65706382837894,1298.407594162691,0.759
2023-01-01 12:40:00,52.518066887770125,8.194918365847201,109.68341199759776,1277.6015274784193,0.76
2023-01-01 12:41:00,52.57920688073935,8.232858777002146,109.54402093825992,1306.541423201117,0.7609999999999999
2023-01-01 12:42:00,54.850295145703925,8.151575564328308,109.56982770222602,1293.8779189707543,0.762
2023-01-01 12:43:00,54.116843661282985,8.209862509590327,109.71138185861747,1297.341355277675,0.763
2023-01-01 12:44:00,52.41775801126717,8.19971981394567,108.52988800939337,1300.670919579091,0.764
2023-01-01 12:45:00,55.01338233847333,8.134928925537757,108.07318556507887,1298.4337516635348,0.765
2023-01-01 12:46:00,47.51241878711615,8.117722861463266,111.06157590148327,1287.348537927053,0.7659999999999999
2023-01-01 12:47:00,52.649098765718556,8.145777762983796,108.54884161633085,1295.9386493193579,0.767
2023-01-01 12:48:00,54.52073867408933,8.219633697528842,105.0885922657823,1270.8784384488167,0.768
2023-01-01 12:49:00,53.49442096640509,8.104073744386087,102.84210146143019,1293.4167532701883,0.769
2023-01-01 12:50:00,50.2241300045086,8.090858840956887,105.86769501547668,1307.5043420012673,0.77
2023-01-01 12:51:00,56.25371632328611,8.173814088449324,107.37443655166075,1284.1158854576634,0.7710000000000001
2023-01-01 12:52:00,55.67124887197292,8.123954438248141,107.81158343027948,1301.2916387012258,0.772
2023-01-01 12:53:00,55.58971785683823,8.173848863712402,103.15589146051957,1311.0972263937927,0.773
2023-01-01 12:54:00,55.90886345938742,8.218625904746244,106.8739288485754,1301.6363636506412,0.774
2023-01-01 12:55:00,60.61240413629751,8.068046265318065,107.43846726536773,1306.5040672514199,0.775
2023-01-01 12:56:00,58.461668656707786,8.183806537879814,106.13703224627257,1282.1705426079654,0.7760000000000001
2023-01-01 12:57:00,58.08099073877609,8.199731289604962,105.49862334516077,1290.2204192981123,0.777
2023-01-01 12:58:00,57.96812609003131,8.191209797320168,104.1470210987333,1315.6391188455457,0.778
2023-01-01 12:59:00,62.15477364574073,8.173277126375188,103.2366756529911,1312.7629322582168,0.779
2023-01-01 13:00:00,63.672466790551105,8.220425092298631,105.4710926397961,1309.9602106352122,0.78
2023-01-01 13:01:00,62.87331574164396,8.33600960817525,104.81001411826831,1304.1944532430064,0.7810000000000001
2023-01-01 13:02:00,62.693559948485486,8.33397186284164,102.73308359038518,1311.504444291726,0.782
2023-01-01 13:03:00,67.4952831401735,8.348686845883257,108.21704037213864,1327.8118074707602,0.7829999999999999
2023-01-01 13:04:00,64.05253559536428,8.419035851533476,99.86084372894418,1311.1157091437617,0.784
2023-01-01 13:05:00,70.71389076266402,8.401995187859644,102.16664226888274,1320.7425108882878,0.785
2023-01-01 13:06:00,66.19878488622861,8.519614683568447,100.8421205972385,1321.985504650546,0.786
2023-01-01 13:07:00,65.9397100358912,8.438407977577464,102.91151201494884,1309.9741029003405,0.787
2023-01-01 13:08:00,66.95071486004717,8.554718265535456,98.00838950818387,1311.9760500745056,0.7879999999999999
2023-01-01 13:09:00,67.70572828716297,8.48360486502712,104.21358004715215,1334.2004724997587,0.789
2023-01-01 13:10:00,70.03706182977066,8.454007560684694,103.46090067015618,1325.5218075308671,0.79
2023-01-01 13:11:00,70.06410954522431,8.44808624467068,101.76651369977736,1313.7174829618532,0.791
2023-01-01 13:12:00,73.43984481261295,8.554468237985802,100.40042590692684,1317.9083374871077,0.792
2023-01-01 13:13:00,73.44062563791701,8.505465333305363,102.25101774588285,1311.4570738079606,0.7929999999999999
2023-01-01 13:14:00,71.40819683565134,8.422820259936108,101.2817597654559,1332.0554544991758,0.794
2023-01-01 13:15:00,78.13176881152974,8.455953828411234,102.3434991847259,1318.7323317292962,0.795
2023-01-01 13:16:00,71.41169682011275,8.321274890484208,100.01937024553754,1318.5059812358697,0.796
2023-01-01 13:17:00,71.52944329721232,8.362746119761821,99.736321788003,1328.7221383799804,0.797
2023-01-01 13:18:00,68.92572926668677,8.383707041312052,102.10038986350966,1302.7268641320559,0.7980000000000002
2023-01-01 13:19:00,70.95937392717613,8.376944654272238,101.06897120285772,1318.1518807455643,0.799
2023-01-01 13:20:00,71.25505542062658,8.474048195625556,99.3218467504255,1317.211496104695,0.8
2023-01-01 13:21:00,67.73672815596184,8.319185014733446,100.28564376585595,1313.0742547136085,0.801
2023-01-01 13:22:00,68.46406540515463,8.349157484008956,99.8119010470115,1308.8675185237687,0.802
2023-01-01 13:23:00,69.39032752353978,8.453167534627694,100.28150525316951,1305.532021560972,0.8030000000000002
2023-01-01 13:24:00,66.88818156472315,8.45640796403324,101.80361886537142,1313.5802099385019,0.804
2023-01-01 13:25:00,65.6066816552582,8.445908917842488,98.4956300619088,1298.6491354114048,0.805
2023-01-01 13:26:00,67.72163245916597,8.588309963892105,97.85015613254899,1308.2465820840348,0.806
2023-01-01 13:27:00,62.63094232148329,8.542091829364153,99.6441421475967,1298.9012905037907,0.807
2023-01-01 13:28:00,62.02327215099036,8.600467570975226,97.99428301488459,1297.2941786181011,0.8080000000000002
2023-01-01 13:29:00,63.53504331384517,8.566668824996569,97.23001619913306,1301.8104808265211,0.809
2023-01-01 13:30:00,63.842318525480636,8.572820892822657,101.03710205462531,1292.5240925535584,0.81
2023-01-01 13:31:00,61.73076329977677,8.604184700211889,98.4874399666606,1307.8298773599397,0.811
2023-01-01 13:32:00,59.65310858111004,8.707056909876208,95.3512648405434,1291.4411059208685,0.812
2023-01-01 13:33:00,58.494052817842395,8.727415942114483,100.8213897233245,1301.036143720919,0.813
2023-01-01 13:34:00,60.16351733489498,8.703384075923534,98.30295898508939,1280.7459886979411,0.814
2023-01-01 13:35:00,58.9430028659414,8.760181743109895,100.40103544583451,1278.408986264984,0.815
2023-01-01 13:36:00,56.461845980761105,8.803236554330375,101.49160002522,1267.6137398053454,0.816
2023-01-01 13:37:00,55.0084565381384,8.741255715547712,99.79639266153796,1277.4458121249027,0.8169999999999998
2023-01-01 13:38:00,54.90909613051668,8.76228241580061,95.45131385468464,1278.3110444605595,0.818
2023-01-01 13:39:00,52.74043515906438,8.807437676712285,95.71262713133602,1279.8399403209596,0.819
2023-01-01 13:40:00,53.339394659365816,8.697169527496811,98.42505660948926,1284.6529993706918,0.82
2023-01-01 13:41:00,52.20047207959292,8.807594091317501,99.79793396054333,1282.7270447418432,0.821
2023-01-01 13:42:00,52.617745200291544,8.72252607225188,102.4651982031781,1286.835282350845,0.8219999999999998
2023-01-01 13:43:00,51.65615545334014,8.817756333854605,100.81193747935274,1265.8140343149619,0.823
2023-01-01 13:44:00,53.46268479419328,8.868180410443804,105.63882255055692,1274.4178041369103,0.824
2023-01-01 13:45:00,54.01181079969887,8.715141584259188,97.60661261875521,1263.7483244855125,0.825
2023-01-01 13:46:00,51.6853494058879,8.671726644175097,101.02693063000588,1277.75190628565,0.826
2023-01-01 13:47:00,50.999764654928455,8.720330904152345,100.09745627121706,1291.7295993561029,0.8269999999999998
2023-01-01 13:48:00,54.332678305416785,8.707958485614766,101.67034973042028,1262.0145876230847,0.828
2023-01-01 13:49:00,53.669063049150886,8.748721708675209,104.92515373248067,1281.3545679933602,0.829
2023-01-01 13:50:00,53.05627380512152,8.725100525166273,105.2798278703327,1285.6658990155177,0.83
2023-01-01 13:51:00,57.12593388297688,8.700077834238051,101.99396823989514,1267.142380402128,0.831
2023-01-01 13:52:00,53.91848322429312,8.72507849054941,103.84934456095858,1281.5003854394843,0.8320000000000001
2023-01-01 13:53:00,51.81782130505111,8.674440189707747,102.80426025356411,1274.7680561580144,0.833
2023-01-01 13:54:00,55.216228735811214,8.786355100539899,100.47432722146442,1278.5326360261204,0.834
2023-01-01 13:55:00,60.761756953782566,8.844295516769298,102.9095455788971,1277.3194810412126,0.835
2023-01-01 13:56:00,57.83722610710846,8.725805660563292,102.1302227150882,1280.6165133589584,0.836
2023-01-01 13:57:00,58.43395147337856,8.732258825899127,103.27728882581201,1296.1249578760755,0.8370000000000001
2023-01-01 13:58:00,60.54408933432949,8.819221914355026,101.96318391542113,1285.5503547911865,0.838
2023-01-01 13:59:00,63.561841543109225,8.808135307062056,104.24361425615021,1282.1427389635724,0.839
2023-01-01 14:00:00,62.43420001856565,8.836189115844943,104.81130050595377,1290.6899756116247,0.84
2023-01-01 14:01:00,64.8429797964938,8.86069024429938,105.87518597125654,1270.6192351386082,0.841
2023-01-01 14:02:00,64.33058444630394,8.95099354450721,105.35236220507362,1285.4892729345736,0.8420000000000001
2023-01-01 14:03:00,66.93359228604218,8.968207401746444,108.26639002285968,1307.9162512499925,0.843
2023-01-01 14:04:00,67.08789201856102,9.032977328754498,109.64396333425746,1295.6812797166385,0.8439999999999999
2023-01-01 14:05:00,66.87901645022156,9.008451830632811,104.71003174500942,1293.9696598736825,0.845
2023-01-01 14:06:00,69.0840364761273,8.99427349685248,107.71522054923976,1301.9854031254076,0.846
2023-01-01 14:07:00,68.31128624815912,9.068608040541072,110.25604010354317,1308.998811456183,0.847
2023-01-01 14:08:00,67.39507155110775,9.026524387419613,108.26592853588363,1316.1503108105403,0.848
2023-01-01 14:09:00,70.78539435604512,9.110714207593876,107.94959948655129,1299.4200787013447,0.8489999999999999
2023-01-01 14:10:00,68.83150532206463,9.003291400336515,103.10628619645924,1300.5403155186016,0.85
2023-01-01 14:11:00,73.09531364748379,8.976070192102137,105.86204331050335,1303.2891867431233,0.851
2023-01-01 14:12:00,72.21558361950191,8.99828989021248,106.3747183615159,1316.3127386005995,0.852
2023-01-01 14:13:00,75.42305990418569,9.049757693310507,110.18598338162185,1306.8833688614657,0.853
2023-01-01 14:14:00,72.09474473163425,9.04643467627028,106.15443394903144,1328.0492353212774,0.8539999999999999
2023-01-01 14:15:00,72.78494560631296,9.056847089173404,107.63978454598737,1304.639918338053,0.855
2023-01-01 14:16:00,69.84596685138972,9.01097371321833,109.67627503540648,1323.525293981543,0.856
2023-01-01 14:17:00,70.42828938499699,8.987000937803911,106.61933110818437,1296.382646995591,0.857
2023-01-01 14:18:00,69.02311963825446,9.092885203302096,108.89326434198944,1290.6226596653305,0.858
2023-01-01 14:19:00,74.17544219871836,9.074129788380617,108.7858996487293,1302.5066202210505,0.8590000000000001
2023-01-01 14:20:00,70.64114540785617,9.062707581164632,110.38434726942612,1313.7143773808505,0.86
2023-01-01 14:21:00,73.65932944653632,9.030339163033949,110.07773090319633,1296.1605459942716,0.861
2023-01-01 14:22:00,65.0002259866263,9.039973126656147,110.1323113144632,1293.1975272382654,0.862
2023-01-01 14:23:00,72.73245486067682,8.990287916177069,109.38447247326933,1307.8827590883268,0.863
2023-01-01 14:24:00,68.701806741515,9.052112262781757,105.72337063974406,1302.8067024148968,0.8640000000000001
2023-01-01 14:25:00,68.65469477793069,9.016404098620482,109.43395338681833,1285.8258484830012,0.865
2023-01-01 14:26:00,64.93148097039169,9.033021852421252,109.33134637427948,1283.1258698612382,0.866
2023-01-01 14:27:00,67.14974978142415,9.030346985808674,110.80653120651802,1297.7232610009178,0.867
2023-01-01 14:28:00,64.35128861606732,9.159629914790418,108.4667527868359,1270.8395279850256,0.868
2023-01-01 14:29:00,61.692376188586074,9.177392419029712,109.42174584323186,1295.6358044258548,0.8690000000000001
2023-01-01 14:30:00,60.63466729419613,9.184855756105993,109.49672197633775,1289.4182879131174,0.87
2023-01-01 14:31:00,59.56901449415886,9.209100839727384,107.92303836580314,1257.3503096525685,0.871
2023-01-01 14:32:00,61.76136228341619,9.1691683398717,107.02605417001855,1277.9974489317713,0.872
2023-01-01 14:33:00,58.73356682452731,9.301598503191439,110.06852334396582,1255.7809785111,0.873
2023-01-01 14:34:00,55.7624460578223,9.298537479402922,111.27626415497215,1261.3143754748464,0.8740000000000001
2023-01-01 14:35:00,58.86359902807552,9.381402400899125,107.95480920659918,1266.220289890934,0.875
2023-01-01 14:36:00,52.91668843066991,9.362416219424395,108.69974753238785,1256.566409311534,0.8759999999999999
2023-01-01 14:37:00,59.12183813039958,9.40474138379703,110.71200057293632,1289.548996927265,0.877
2023-01-01 14:38:00,59.71137289777263,9.379090169607121,110.81114423423243,1274.2776840265942,0.878
2023-01-01 14:39:00,52.469982705197104,9.394189545237298,109.31288355756647,1277.7440505441318,0.879
2023-01-01 14:40:00,56.644647225383665,9.433158854262835,109.5585302177823,1261.2766268408293,0.88
2023-01-01 14:41:00,54.77774142838503,9.37469501933082,109.6624525166988,1261.783764915188,0.8809999999999999
2023-01-01 14:42:00,52.71935748394992,9.402371269639325,109.87715293239819,1276.2861400980821,0.882
2023-01-01 14:43:00,52.55677915140228,9.348497443567561,106.15789102386071,1264.024371925604,0.883
2023-01-01 14:44:00,54.62373767213749,9.354235823600554,111.97014490546958,1265.2319801071123,0.884
2023-01-01 14:45:00,53.19509840479308,9.429676199930476,108.50854171081826,1249.638204148564,0.885
2023-01-01 14:46:00,48.15636273170357,9.371234165016078,109.23531725747557,1249.4514440508794,0.8859999999999999
2023-01-01 14:47:00,57.66955279866901,9.302253390262237,106.0579934577789,1261.297447811193,0.887
2023-01-01 14:48:00,54.67578320901806,9.342367432782117,107.00712487111103,1262.7085630461925,0.888
2023-01-01 14:49:00,54.09552386193989,9.25168645377097,107.92216257692833,1249.5081796044944,0.889
2023-01-01 14:50:00,53.25289948278592,9.302337848890595,103.34118455500585,1263.7640615865896,0.89
2023-01-01 14:51:00,54.89690904891764,9.26722313332936,104.92267239629399,1248.8529640900688,0.8909999999999999
2023-01-01 14:52:00,58.486926262928435,9.34314312034484,105.0431122578248,1262.275405487689,0.892
2023-01-01 14:53:00,57.22693080550381,9.321101231879764,103.69956633861092,1248.9925149177511,0.893
2023-01-01 14:54:00,58.28289672597116,9.35906827214931,106.22725039239145,1278.0242008359899,0.894
2023-01-01 14:55:00,55.926658760706225,9.402106435548719,105.62092990138022,1263.1377788136522,0.895
2023-01-01 14:56:00,58.67337301678857,9.36267480449841,108.36697307413034,1260.9295820433038,0.8960000000000001
2023-01-01 14:57:00,60.4669330697371,9.389997258944044,103.0258211901092,1258.1122772819801,0.897
2023-01-01 14:58:00,62.78401577873751,9.437474476662464,105.48213907315463,1258.9219125841632,0.898
2023-01-01 14:59:00,61.60808294756619,9.426184017198452,102.99649980657242,1277.5235331215208,0.899
2023-01-01 15:00:00,65.35573753095032,9.499439350590883,101.06571979386494,1285.0380188963552,0.9
2023-01-01 15:01:00,62.27157821598554,9.532869308713453,105.41892792680424,1285.8778971083368,0.9010000000000001
2023-01-01 15:02:00,65.74818955435157,9.57212067506581,105.32855556233132,1292.6241494415779,0.902
2023-01-01 15:03:00,66.43994018595248,9.60975604732494,104.83706504528887,1297.9121444681914,0.903
2023-01-01 15:04:00,64.59631350798675,9.534158669751228,100.84744926730384,1291.7140015148782,0.904
2023-01-01 15:05:00,68.47958368664814,9.572346465450213,103.39807950525638,1278.7210714123664,0.905
2023-01-01 15:06:00,68.30264348179251,9.596746438937133,104.17963598759124,1286.9505155200557,0.9060000000000001
2023-01-01 15:07:00,73.12385551857439,9.674082589598152,104.64748069932176,1264.0629582824101,0.907
2023-01-01 15:08:00,70.23093618293173,9.665233396582796,103.76290622279623,1294.238697887366,0.9079999999999999
2023-01-01 15:09:00,72.42691101293497,9.571719423222765,104.20531575003116,1290.422994991432,0.909
2023-01-01 15:10:00,69.84817007221368,9.783954780802047,104.18475968301262,1305.772788534723,0.91
2023-01-01 15:11:00,73.27359236325243,9.584866029160448,102.04153489108211,1283.0873165365958,0.911
2023-01-01 15:12:00,72.36047254573242,9.680299709231374,102.61813412284899,1296.1762866660538,0.912
2023-01-01 15:13:00,71.9239230394021,9.698842316395826,103.41775223856489,1281.2795113772152,0.9129999999999999
2023-01-01 15:14:00,79.3230034175576,9.624801820364317,102.0045980447409,1290.2901036647684,0.914
2023-01-01 15:15:00,73.01810194250025,9.681997984533076,103.43746105737826,1274.8973411401014,0.915
2023-01-01 15:16:00,73.26132109503487,9.588799956948987,102.61326852940951,1304.45090137368,0.916
2023-01-01 15:17:00,75.34046291283833,9.637881405789054,99.4343674048134,1300.8394459011536,0.917
2023-01-01 15:18:00,71.74371179989953,9.512194133646178,97.93291521665482,1284.7942864415331,0.9179999999999999
2023-01-01 15:19:00,73.72699913124781,9.674346972016938,100.44026221872517,1291.1392623585673,0.919
2023-01-01 15:20:00,73.48089486273274,9.61344123893359,97.90761205460049,1287.705363359098,0.92
2023-01-01 15:21:00,72.39457079667288,9.535158728143346,100.31621901481667,1279.8064020402858,0.921
2023-01-01 15:22:00,75.85412688663274,9.651985526189566,100.0274679197857,1285.5948331231962,0.922
2023-01-01 15:23:00,68.92776796453133,9.712155422655439,102.5489203423471,1278.2048965603153,0.9230000000000002
2023-01-01 15:24:00,72.81305372607267,9.598573825140795,100.87484275109134,1290.5590917480272,0.924
2023-01-01 15:25:00,69.8192808048511,9.652886862526731,101.75124128512886,1276.641916754938,0.925
2023-01-01 15:26:00,69.77626565713797,9.659944322634223,98.76007223143343,1300.5400876329747,0.926
2023-01-01 15:27:00,67.67763868711641,9.672710629034187,102.75589484559958,1273.6518620720558,0.927
2023-01-01 15:28:00,69.75567161166592,9.695548230670758,101.45468671540351,1273.2859412672058,0.9280000000000002
2023-01-01 15:29:00,64.34012878613235,9.736885920442209,100.5067287823939,1275.12215448247,0.929
2023-01-01 15:30:00,64.94444047688681,9.77038097697563,96.03688118753091,1275.8705100423554,0.93
2023-01-01 15:31:00,65.53066124846474,9.812967998391626,102.01933187823764,1265.9391753528341,0.931
2023-01-01 15:32:00,60.783197697679945,9.839219831759058,103.23406063716727,1267.9055611705917,0.932
2023-01-01 15:33:00,62.905703410843955,9.926837075882933,99.74913074334495,1262.3976997542024,0.9330000000000002
2023-01-01 15:34:00,59.90535705805336,9.94790829837237,99.84275951157856,1250.5794406810226,0.934
2023-01-01 15:35:00,56.55523274533128,9.859927509837844,98.81201665448671,1245.7684970021987,0.935
2023-01-01 15:36:00,55.25896831997553,9.925426133659988,96.66124661896882,1261.236771175671,0.936
2023-01-01 15:37:00,57.182054269660675,10.031980051862348,98.89291024721763,1267.5396981229255,0.937
2023-01-01 15:38:00,58.62032198843487,9.994153437517374,103.44111170950339,1234.3275713575292,0.938
2023-01-01 15:39:00,51.836890926315505,10.001829186882437,102.39799010388523,1234.724036327822,0.939
2023-01-01 15:40:00,55.84064604041331,9.998551461281632,98.82445566081584,1233.2372787217437,0.94
2023-01-01 15:41:00,56.764299693343865,9.971231428245618,99.35487291682598,1254.2305363532626,0.941
2023-01-01 15:42:00,52.06353506640606,9.976726135697259,104.9350790459855,1254.0648992403421,0.9419999999999998
2023-01-01 15:43:00,53.095590741401935,9.950478718764359,98.78895974766137,1234.9236547927762,0.943
2023-01-01 15:44:00,55.35951492947256,10.003577931680585,99.57342483145955,1266.1674256194085,0.944
2023-01-01 15:45:00,55.872075894683974,9.930261087162318,100.33030280288379,1239.9003347119155,0.945
2023-01-01 15:46:00,57.45297749071534,9.933561007656767,98.66832685012271,1257.9660092936267,0.946
2023-01-01 15:47:00,53.25084239006183,9.966093208355042,100.51337750306072,1251.7724555685459,0.9469999999999998
2023-01-01 15:48:00,53.078281128172065,9.904831874574397,100.75645708359156,1234.397861537475,0.948
2023-01-01 15:49:00,58.40491635293784,9.912149515007252,100.2173050739963,1240.2987639002965,0.949
2023-01-01 15:50:00,54.07986222979613,9.895487560057166,104.90594233861583,1236.4553203981175,0.95
2023-01-01 15:51:00,57.18940107145175,9.910427602197664,100.15138893146003,1232.6264671364352,0.951
2023-01-01 15:52:00,61.21478145809025,9.904331708417663,102.44246493740722,1244.6048907242862,0.9519999999999998
2023-01-01 15:53:00,59.109111323623836,9.903754974134703,101.2191579268097,1236.3813863531936,0.953
2023-01-01 15:54:00,59.99868791094866,9.90949670183869,102.80496710537818,1247.9948213441917,0.954
2023-01-01 15:55:00,61.881132209530804,9.95477492152014,101.63397478137148,1270.5795669075264,0.955
2023-01-01 15:56:00,61.32236872501256,10.036597428007193,103.89223080959138,1259.8321487180228,0.956
2023-01-01 15:57:00,62.8409708594564,10.042406328148651,104.64575384940478,1248.9983612265169,0.9570000000000001
2023-01-01 15:58:00,61.60570386354776,9.960367251883865,107.0717214312645,1249.9545329783805,0.958
2023-01-01 15:59:00,65.65964030100625,10.047751356234892,103.35613024966072,1254.1482276729378,0.959
2023-01-01 16:00:00,65.22696323175893,10.068083071557004,108.03565344713591,1280.7113259376072,0.96
2023-01-01 16:01:00,62.50414645149141,10.052675011001773,103.45272324793483,1250.957024754623,0.961
2023-01-01 16:02:00,66.9950047328792,10.174437590762622,104.85660415544048,1263.6405435877625,0.9620000000000001
2023-01-01 16:03:00,63.19587377938034,10.18397396427081,109.12665183008474,1270.083969124817,0.963
2023-01-01 16:04:00,69.9551923620757,10.31546158636307,111.66544171109948,1279.2896200777636,0.964
2023-01-01 16:05:00,69.00789691284723,10.219901523666563,109.49096833342728,1265.423292014872,0.965
2023-01-01 16:06:00,74.17895785721218,10.216296873384621,105.92790141206699,1260.6289481049546,0.966
2023-01-01 16:07:00,72.17556859296879,10.225805274803966,107.6565902203854,1274.5276193518482,0.9670000000000001
2023-01-01 16:08:00,73.79981143682181,10.256872656874473,108.23895697780478,1286.0095338193016,0.968
2023-01-01 16:09:00,70.52672344365544,10.314621982851598,107.80580013677867,1271.2015068599028,0.9689999999999999
2023-01-01 16:10:00,74.57940348791601,10.3218459444683,105.33430690186569,1266.4263299690915,0.97
2023-01-01 16:11:00,72.41913853122048,10.430622349473655,108.04736010922585,1276.6229779451933,0.971
2023-01-01 16:12:00,76.27160051243689,10.218449448793873,106.78723492295646,1259.7852594695548,0.972
2023-01-01 16:13:00,72.13977155533706,10.27498540807244,106.07477652782916,1274.1263634421584,0.973
2023-01-01 16:14:00,74.77483365939659,10.226577092260491,107.59291454925228,1288.1706947392881,0.9739999999999999
2023-01-01 16:15:00,72.30923513616682,10.267524988589567,109.0411968472216,1284.9984682711965,0.975
2023-01-01 16:16:00,74.83683886065333,10.3083666893749,110.59849041870825,1274.4517951684513,0.976
2023-01-01 16:17:00,78.48144981933923,10.27243190464411,108.26287318726303,1291.9062459458216,0.977
2023-01-01 16:18:00,75.62310132346461,10.160841249392432,108.77786536836821,1293.6198790049932,0.978
2023-01-01 16:19:00,73.75519757260726,10.249918394502412,110.69621139889688,1280.1617714405543,0.9789999999999999
2023-01-01 16:20:00,68.43593579107431,10.107729919959644,109.37187075987292,1257.6427946691363,0.98
2023-01-01 16:21:00,71.73379570746238,10.095898380261435,110.12313577272036,1252.131222833779,0.981
2023-01-01 16:22:00,73.11075554628857,10.208095282403187,109.63366423260089,1283.1977981539228,0.982
2023-01-01 16:23:00,70.41459071238386,10.261081821673795,109.98836550896539,1270.0798913087774,0.983
2023-01-01 16:24:00,73.49215301885164,10.262304191021386,107.51723366293997,1282.1112468293384,0.9840000000000001
2023-01-01 16:25:00,69.91807632490124,10.35868687133969,109.99928250377505,1250.363172584545,0.985
2023-01-01 16:26:00,71.01455666298176,10.291151866600382,112.67646276783961,1260.022880479323,0.986
2023-01-01 16:27:00,68.30497165970374,10.305878539731298,110.21142456580436,1269.7222457895348,0.987
2023-01-01 16:28:00,66.3471526219641,10.397085977706483,108.24510759316593,1249.86035894147,0.988
2023-01-01 16:29:00,64.93763162553589,10.35050219684367,112.89120774867828,1264.9884198619286,0.9890000000000001
2023-01-01 16:30:00,62.82569192335545,10.419437415179525,111.39274335557752,1251.2722047272066,0.99
2023-01-01 16:31:00,66.01294173424758,10.453239976302859,111.48340319830757,1250.440038798486,0.991
2023-01-01 16:32:00,61.94485922771414,10.412085261420584,111.41365405478625,1236.0054372175002,0.992
2023-01-01 16:33:00,62.84942373948369,10.508151864867418,107.65070091068573,1248.0835205010762,0.993
2023-01-01 16:34:00,59.79114360270589,10.623565828979963,111.15634794757068,1265.2931639611277,0.9940000000000001
2023-01-01 16:35:00,57.75894219081546,10.593435025697222,112.57389004779843,1245.1302180529865,0.995
2023-01-01 16:36:00,60.172429098326496,10.513141174794091,108.7748791307857,1231.3270522152598,0.996
2023-01-01 16:37:00,56.770286143849596,10.686384736564555,105.79567467171249,1251.3228036736032,0.997
2023-01-01 16:38:00,56.73757725549176,10.613915672993093,110.28887039748928,1228.0213882195228,0.998
2023-01-01 16:39:00,54.39745308539341,10.60631812927827,109.51552791600065,1251.280692503888,0.9990000000000001
