温度,压力,振动,转速,功率,电流,电压,噪声,状态
61.42348145370016,100.44579929830955,0.5613517972730416,1488.9373188207114,74.50705933857869,8.133460048639384,217.7847798943576,53.470579920427355,正常
71.53873044701851,92.29938911287968,0.4457862893823818,1471.3401369137937,70.94772926460786,13.491671063263361,209.0051384846178,53.39842200884789,过热
65.4833914840487,96.72623326395937,1.518699404885737,1489.4839955404261,70.26387601186747,10.72320600003235,212.97745919830976,69.72201086996827,振动异常
63.75253435595555,95.02918827468706,1.7312250628856363,1407.287488500473,76.79221341251797,13.18267823864039,214.71202508755317,89.9396960332908,振动异常
64.89549203017926,87.54696661180877,0.6108182816737516,1491.4907688737535,74.46348927997886,11.995667489783964,221.24654297820865,52.811192590577775,正常
75.66516687328134,90.22297752886443,0.5381935452231553,1511.2342362875943,74.86797121520536,9.535595737690612,221.67529014542058,54.44246274342176,正常
54.380521378450965,103.0415828080477,0.5918316606002313,1449.2089090510801,71.86641387705018,10.343787881549886,213.98399572305428,51.68899051440889,正常
62.19909479901515,108.39207380669511,0.21037446218063105,1472.4407141835734,73.33090255121995,9.001939372685587,225.45490212592983,57.566666977062134,正常
65.15493094937621,118.92205975267537,1.624747988836603,1459.6120691427855,59.54173544697174,13.006719084917034,216.00177428567744,70.07085233560845,振动异常
76.79397853087778,105.51197901881085,0.632615859240744,1393.4465196524875,77.31714713150878,13.055141875180963,218.30399129710239,67.88989261819779,过热
66.40495933867517,105.68767974562793,0.4740957854179297,1423.7171842714952,72.63080326464542,9.402489805308358,223.7839433999349,49.14669440788413,正常
70.85219366415205,88.37670955620428,1.6798732623736068,1402.9426266539388,70.33477723849278,9.199428141004399,218.8037502834814,83.15138592071919,振动异常
66.6737452187777,94.67954504871685,1.9053047257461002,1348.4527786382412,69.25119971099063,10.043463720530022,220.50080944689867,74.80481146211075,振动异常
58.77130610644006,102.66929684229558,0.4318015752002201,1506.8267665541368,78.35670038225233,8.63682599540719,220.29011367404198,54.36337309029655,正常
63.630968594181105,94.33285903437559,1.3315986010673382,1384.1903625763227,59.74028299860534,9.146679382102107,222.09994706909654,73.67935547997563,振动异常
65.75196893238103,108.64624580443697,0.5940771187988216,1534.655280363157,77.56542710048646,9.24150466529993,218.24039341091745,58.99172471211712,正常
58.42463618855532,86.53191092830885,1.748170832297227,1400.5018524947534,71.54408476416152,11.164095976879077,223.02292691798831,87.65693401042854,振动异常
74.57928270938152,101.92405197700322,1.3383717487961713,1503.3648267461217,68.98585006636479,9.839957731156808,219.81176540103058,85.54557653787221,振动异常
78.47026204366428,98.04305122802936,0.863271664307229,1483.1889493827525,86.09445472020454,10.970581296367373,223.17212314225492,68.65479488188107,过热
76.80777127290897,107.86955854301709,0.8943084760836412,1461.4946437716453,74.9490338834807,12.969009280671827,213.22770721933009,68.91314913158259,过热
71.26034496723086,98.45204929249113,1.3506114459546474,1600.0720398347426,68.0321216057834,11.530096083653069,211.11704293392972,75.67275510600157,振动异常
90.64863131052105,108.30851304615578,0.6570638646019137,1472.7491871235675,75.71331778813892,13.411772799629954,206.67845024147283,67.5943559022006,过热
64.24107452482208,98.07739681473493,0.6030283454031842,1429.0817133533485,70.95198240039177,10.783390509282595,222.34633794904263,54.83023453330031,正常
87.06380784976945,121.29166364900945,0.4427249069290627,1353.3059584538303,73.24562010840376,10.38498130879348,231.60052031478833,63.48217837367042,过热
56.18479922318633,91.52629182488839,0.4469003044998182,1422.2052176898187,87.94781821009308,10.15519068385898,216.5472947384187,53.382631890553064,正常
94.09851633891783,101.43326865820129,0.7554558598446787,1472.778378903158,72.43367379230574,10.81121482932718,205.4464847912617,62.65434572894795,过热
60.36534764210958,95.41070394495812,0.5771698710648345,1493.0772008008114,74.32845629264726,10.436738551733509,214.12202697187575,55.95235978375052,正常
100.78033741431847,117.59233239786799,0.8015760369389456,1326.0950172246207,57.678420778825966,13.259495796646783,214.935094387106,64.24941524373097,过热
79.32783233895607,114.58385819842043,0.8451523046223509,1413.5064095533144,69.40335669846966,11.105056412082405,221.33487448310453,60.027857391001035,过热
70.89720060360644,91.3515476767339,0.3407006266468331,1381.853378222908,76.75724103770791,9.91656203020964,219.8428041481261,50.39487925740292,正常
78.81872443783341,111.82069490062631,0.6440294107556723,1452.0828249251538,55.77365021038335,12.74109587846328,214.07820613958242,63.274176472751016,过热
60.51372814257084,92.17301777907974,0.5421920754235284,1411.5780317218573,77.48349611618261,9.928400748141932,228.42507139354254,54.887288065061554,正常
67.78093164312656,101.38689438032709,0.8357389433620952,1339.3723849911553,82.0720480402354,13.739071564950784,208.23876833259072,72.35517345408552,过热
77.98239699286084,85.57461164690314,1.566984273976611,1340.324629881952,66.96288575914568,12.502740394347969,217.31316576920682,84.86724861082135,振动异常
89.25604959057554,108.22974503617668,0.6950865972465898,1529.5259265457048,70.23454496618126,11.054962530699159,220.5237814889721,72.03467372945876,过热
59.645537509694435,105.06225492885028,0.4033023856870787,1607.8654106632753,67.476398129845,9.819608318237592,219.73439673491228,57.197476308339404,正常
76.10511398419403,112.61496493530038,1.553974310863925,1427.3460171163974,67.62168694646734,9.526784042652732,222.9213943898359,68.95239434646464,振动异常
57.923146289747926,107.40942038025312,0.5368673308872901,1466.5954773178476,76.7531504963678,10.376409526097516,222.85306498609765,54.863463264096275,正常
63.77305941998565,85.03366463179316,0.49598420493556566,1477.8358874404246,75.61602403392243,9.765980140893019,224.29225558328332,49.53819009835445,正常
65.68596421413291,104.71950228141941,0.900333327941625,1360.6434476104414,69.87473516094155,8.999883911852963,209.13432555848334,65.64415496637587,振动异常
83.30666414455058,111.64927162301741,0.8529550621955959,1440.2725614712085,72.4788089043524,12.278532870628108,210.37663378533833,60.24968251266937,过热
57.93848149332354,100.54014785128088,0.6065480375065351,1607.2574563886694,80.74222854598378,8.760741605146528,213.3676393584446,49.21698226196317,正常
64.93876613576543,101.56676204078146,0.5321357215450273,1507.0443123455602,68.85225202773792,9.706033052335817,226.15437256577368,54.732297537335654,正常
67.54477129588986,104.69286597986157,1.8573257564320431,1242.6139948619204,66.58656605331527,10.319953870333936,219.0804262261759,70.19691445703116,振动异常
48.79366329965464,99.73797383827201,0.6148765700372103,1489.5488371356987,78.96744360276107,11.235782191822153,222.98614109126692,54.71983942330016,正常
82.27273698123136,89.32140574634545,0.865821355742026,1399.9430913979224,78.7666815038034,12.071240202377464,221.71479291385282,63.718595878742136,过热
59.93584439832788,112.40921580418018,0.5267050265869259,1466.3254687878066,76.49376454182843,9.73548515868939,222.75738137619763,56.44620018200616,正常
64.05576467603166,81.38084256976025,1.0766829506801754,1489.9946036242593,68.0061414358046,12.036233891025825,201.72432461713737,67.7775285842976,振动异常
67.31051737131635,93.777466499273,0.4506243416838688,1532.414021692193,81.97841905394978,8.914174871114815,210.18687154163712,60.45418576767347,正常
67.51372421166954,86.5377300626306,1.1623238657904094,1357.3527678387334,68.85030610477578,11.000906608945515,218.79498286097387,73.49712479193025,振动异常
91.67801061059906,94.48690088360655,0.33677122740622467,1460.3352631846622,81.93724951234377,11.39730745958755,210.592145571694,65.09672035405877,过热
65.45880388267751,124.63104646764191,0.4983577103927248,1509.6024558245015,79.9915544907398,9.860553724319,213.30697100138374,55.87657818497912,正常
97.71871182544547,103.96568775709716,0.3963024271222724,1503.2502380448436,78.42219096137958,13.132099947101715,219.00665272803369,59.76939457468748,过热
77.81478683681489,80.40456106713546,1.5069587935672124,1342.082821562577,74.13795282546752,10.31702216159296,213.5072012238797,85.14368389682471,振动异常
88.60980255454807,125.46862195719558,0.7169572464189458,1498.6479187355026,75.79996095642743,10.310919058633424,222.00935333752986,60.80553662987132,过热
82.06192431687575,87.90622867317475,1.1598508929580937,1511.9589141577874,64.35940241581056,8.842142312709072,227.00164765400592,57.35764501795275,振动异常
77.76745368211199,80.06729179669922,1.1406345219836076,1463.4540846721175,71.17613420526672,11.839102851283588,223.59466403816194,67.58997388195726,过热
80.79296259283836,107.29074688205702,0.60492679454435,1468.6665994685918,70.21574352454137,11.211553599021924,221.8197491474636,59.08471907632806,过热
61.774401226974376,95.39345407484257,0.7010204538766349,1561.8046587605218,77.73366784100689,10.926215402241592,218.95343090210318,58.68694150746718,正常
57.990744686038596,104.56478934874528,0.42998791850608264,1524.32508219131,78.07683742006526,9.737109170791733,218.432351569138,54.807435468674505,正常
67.05016713194202,97.47883025110782,2.0354325117555283,1402.712217894587,67.75730458394244,11.040462865881263,219.49670567558044,84.59439658337268,振动异常
94.8400045817532,94.22623923015242,0.8336119611933641,1306.5817379518337,73.86991713602868,13.53766372887266,210.21865853396113,67.07386445394395,过热
61.40077895802646,105.3573803906403,0.5492451264008149,1438.8029866618872,77.14153548603824,11.121030667324472,221.3174360766553,51.70809241710147,正常
96.91290486662632,115.0713333647316,0.8424186706148351,1430.7821317278015,62.60611181036642,10.553699892865133,225.33019071212703,55.253141223387885,过热
68.79353701510898,118.46225756202747,0.6731428304621194,1418.3021772002212,63.50263766524412,14.033359403565523,197.15625584700433,62.303474927683645,过热
58.81524644560959,104.61657701744431,0.34744748290752614,1372.3039432549022,79.87598814891214,8.399096021523484,213.11191249622883,55.2556283489017,正常
77.17248710324546,100.7890530144257,1.1273260399352312,1399.777111146648,83.21905857729979,12.1708560532031,212.69600685952136,72.92848962737287,振动异常
77.31621056242643,92.73949070366722,0.6577453279763474,1527.890515317593,79.23710838575211,8.997812544218528,218.7252210322315,57.27376554977086,正常
61.82112890874893,79.3282396620827,1.534230447667956,1397.8991365384118,73.61651112155177,13.526356915349975,223.22914631652762,83.9982137598865,振动异常
69.06431059419481,107.39221615365521,0.5916327674702482,1551.2031262905732,77.8045972397062,10.65045009253614,223.11034995153025,54.61144825940968,正常
73.69287857882972,98.17512429966995,1.2783907505011312,1377.7989104911812,69.68946981141907,10.378317176629931,224.1537926832355,64.23832263353118,振动异常
69.44123506367734,118.48242884882873,1.6841312567369726,1322.1788386592,69.68321988624965,11.163916874706503,229.3531505649984,97.23970899378844,振动异常
72.1135384777905,96.46652811150624,1.7252618338203995,1331.9509397638442,50.16878796900082,9.207788266096228,231.2120835479577,85.66041174132103,振动异常
54.93073208161142,79.3296228408532,1.3200533930040452,1292.0181544495015,65.7470184575431,14.512724110967996,218.01186106853487,79.29929602256304,振动异常
63.8293152152541,104.98279945878,0.46908278765313605,1502.029584560194,70.23335695870644,10.213293707372939,226.70230525895175,49.67126099960065,正常
60.09245674476024,88.73990644225744,0.599626681944714,1460.755084345888,81.55154373059804,8.912754061137198,214.95722657961895,52.80090101342803,正常
71.78120014285412,98.23224320373421,0.4612298440064016,1429.314275154751,74.88565968850558,9.417241342388419,224.43645418633372,54.07657458658335,正常
70.1367883888137,100.86384334370358,0.7137748860849802,1364.0108911285172,74.35984230003194,11.913723370491805,226.97368325956785,63.853088340722664,过热
62.188562353795135,94.01210770754757,0.3514439626963028,1562.3871036336866,90.96553783922431,9.806173861227197,221.35747655412823,57.4424552863548,正常
61.59987639210755,109.34225649327846,0.37484605758095557,1527.0731364102394,71.72962158436287,10.020886488295961,229.3548258768589,56.40001294589824,正常
65.3490104249501,107.48542714517968,0.6500759790634311,1455.625391109895,66.58280903889525,10.666312500909212,220.47672099720654,55.70207336305944,正常
73.16205651965818,97.96018226063316,0.3705318524279094,1583.4952252175704,80.16273102170828,8.221412415993484,224.24087106333334,60.264799214941725,正常
76.5638321857353,91.39190010226066,1.192239568209157,1383.5772784403,76.29068412237422,14.2436330772861,224.84040707897097,74.49380832082467,振动异常
63.50496324767066,102.49000123634829,0.5223787951638899,1519.6658919697186,82.60658025961226,11.203884437168817,227.26630331660516,52.99666133059334,正常
70.79297789503703,106.96899762745353,0.519652116970147,1505.9790184207077,75.37716819450796,10.498221748496785,215.37287686970205,53.41306687580796,正常
68.41621881594841,99.92427914546957,1.0462413104103374,1180.8687835090022,83.59571916329409,11.049109698474707,225.00272472801979,63.622162803950346,振动异常
83.80824552186162,96.8759765106258,0.7681275535708187,1370.033356151221,74.02774516939272,12.754878097124257,212.57319946018293,65.17004048114073,过热
60.9886136538919,104.50375389352456,0.6278451862607299,1462.2127420253578,80.54849920978111,11.12543478441477,216.93881632746124,55.98852620671903,正常
97.7246565809428,119.66540859278604,0.835695332777078,1475.6911748686346,71.43105461231477,9.626734854980809,214.54087437598767,59.56936850409295,过热
68.95831346981468,102.78065364289337,0.4245724149980642,1577.1621764136094,73.56997889059944,9.612900297525599,226.7073795776544,58.95490697455801,正常
61.88650240089703,103.55410649188832,0.4803650150915022,1563.129205171359,74.9277386456086,11.422369861698508,223.062343970068,55.43076380951548,正常
67.48357076505616,87.24457872964507,0.5938283805975998,1506.2612251323953,74.0855177944758,9.324821725025618,216.39131223331373,55.55150354896751,正常
77.49659538770881,98.72686554048697,1.090523349097236,1442.1963823867827,67.32697774307739,9.951573893714777,204.17993048447423,57.77397367793887,过热
68.88161179032012,97.81495498384544,1.0992412787494161,1373.8661401992765,57.88816088660958,10.215844525130231,223.20312447696642,82.7374249795116,振动异常
65.05116530509794,97.02847307203366,0.37170077758114306,1500.7344097364598,78.8983026613467,10.034152417488025,217.3057907190363,59.895570697267324,正常
87.70842301028732,116.80640912452145,1.0130343931428774,1416.6328751943531,62.99866883131838,11.364602127407734,207.3297723505058,60.035669994572274,过热
69.24801048510513,104.92748485555411,0.50519458858073,1509.2275651598518,74.45195098037084,9.191734278359073,219.32751607799133,56.25882991607236,正常
69.12708174494014,95.6406473055284,0.5870067730688754,1464.1588839698597,78.19025550720379,10.230070759191403,222.49932061870186,54.09742075857752,正常
77.28235659399428,118.76496450019538,0.6009703036293241,1425.2667552985317,62.886535049459596,11.019152417511636,217.9616951195339,73.02169554154298,过热
85.62861623775319,111.40542935074774,0.8206876258616214,1444.4233476031848,75.15922010203384,12.340551718297334,206.95518899448427,57.51371177410678,过热
69.36160318360339,94.18290259340105,0.33070431858046145,1419.2434092047245,80.62056359993007,9.640231354210915,218.7191012375231,50.59964442815297,正常
59.99233635853861,96.09754193163828,0.8396269579647245,1437.5182462518774,71.41596285334853,12.399099824306267,215.76932593085908,85.18171787177012,振动异常
90.17191630180616,102.81346722564965,0.867737463584338,1509.7670928946677,78.32391462709725,13.394114977186224,218.09897184506391,65.17783037016497,过热
84.9974906191058,99.66399693560834,0.8078894096481479,1405.7937918431426,73.39105255280909,11.303128382826573,214.44374171006186,64.80628552505229,过热
66.07046872065102,103.83183860597113,0.4752822617479403,1600.6693623763313,74.1993360221668,12.024309623286852,219.78588309344212,55.21611058385123,正常
65.4853877467402,99.93621886946706,0.5820482181197364,1519.4289302265481,77.93346900737637,10.32674476460232,219.93081126952882,55.42377142026239,正常
75.95165654262223,120.85443460504575,1.870117283500858,1458.281491481163,62.746994996173626,10.895958636622149,210.4084495454887,84.69703363386789,振动异常
65.48838049274416,94.98426353769786,0.5594754341665286,1421.872707155673,74.0254585982366,8.883475560051341,217.41785178056213,54.71012898995533,正常
64.63994939209833,104.9133336003474,0.5285865390724905,1494.4386969325649,70.00348883852544,7.561182841723571,216.1835694791071,52.484242604658306,正常
62.53499532670584,109.27463842691398,0.4962777763490158,1627.9099642834126,75.03211134905469,10.978858050781795,218.779597631629,57.279136886452505,正常
79.11757231454438,92.07374652847737,1.0389525723753876,1426.1392183831238,68.89384456278471,12.486687906528775,212.1932045593882,64.91694828837045,过热
64.62777042116916,93.35239906871169,0.716325472330546,1523.7349116439977,70.12735347664679,10.603187431082343,213.38771021628216,58.77144765058772,正常
66.28775195361382,100.38817302355862,0.5645484181141075,1554.294778291579,74.33683126808714,9.671381524251016,213.2446281689599,53.64996142601256,正常
89.82598000457115,100.22354417395995,0.8816105693673512,1418.5202555759918,67.57165749803166,13.613015102935346,211.04027615705542,63.756920731166616,过热
64.93251387631032,97.84474532444354,0.3995859233247932,1495.5858975824372,71.7822508384127,10.47635776935622,219.8822392456288,59.68866630552459,正常
60.04731837434656,86.9796604969347,0.44410781527284116,1453.0332303090622,72.32018277442975,8.819187184691156,222.1004724522592,54.65131287063412,正常
81.97593680785427,106.31927966771957,0.9180844122502927,1549.217036109537,73.78346564028074,9.006702329322392,218.34144601791522,73.32675958811765,过热
67.02025428407269,96.10299692988244,0.5046436548156149,1455.0766009104482,73.79371172690729,11.642672953255964,215.87294735010522,57.2517375025653,正常
64.86721057988005,100.60265305806853,1.7172409677943492,1409.9801679731147,79.33720021850401,10.536150060922688,215.01587377151543,78.95181905764515,振动异常
65.48497982496359,102.46241415113647,0.6105525932957984,1561.0516847762676,65.10350094812107,10.439501230620227,229.77078716875144,53.54931554846039,正常
87.94095872167769,75.70551309997732,0.8298726964542378,1428.069643780884,65.88182808174686,12.350772038684397,225.1412120895038,68.51720066569447,过热
62.65412173947647,108.42522282666323,0.5440474737960399,1449.5134647645032,80.35075119158213,8.55035478030147,215.75785682904592,49.35996989827671,正常
63.286427417366156,88.81145940944687,0.5028744822934818,1491.2520121652296,78.17360734280885,9.130336918725305,218.34345808408338,53.290501215283726,正常
79.97812875132395,95.754358856219,1.055078147599803,1458.5829261927372,78.83733321615281,14.263696520106826,222.04917376650695,57.781978689151174,过热
62.482621729419,92.76546699916473,0.49342497389270124,1529.9964364998102,84.19091838397561,10.718185725707935,214.34555782337043,57.95634905684565,正常
69.96113240366262,90.1764171171022,1.3381226337788605,1394.9141168651104,68.62950310321993,11.63707317705914,222.34755067233874,58.383041169809005,振动异常
63.565828051860606,107.43634385945533,1.8479519899165033,1277.4771747805084,61.103337952354025,8.23494567686724,216.0730457677658,71.80427607621718,振动异常
60.25663146832269,99.3463816176691,1.6426765307785747,1385.6599179714472,70.9510159685716,12.417187886366806,213.10307006583173,86.13631001269673,振动异常
70.87616572057654,96.319889339179,1.6271668447331957,1287.4445279589465,76.57048015875262,10.321528435657518,212.83370196700656,83.05285232826103,振动异常
67.57523843153024,85.77023800876577,0.6049552715319335,1483.8660080578932,67.09404648983933,9.686941969476846,224.48533098443565,58.24807316166122,正常
60.95850857322424,104.96537678040542,0.38964106827842293,1459.4873781492809,77.03526143562267,10.260280506582886,222.39720759043033,56.54688426533187,正常
65.37902279096863,103.26602204571577,0.6613711269058647,1516.1583857092392,72.67344771609973,8.48212625331919,222.8144043008718,49.80639608966523,正常
54.874287066711965,106.58536467169532,0.3774234336997659,1487.5654436908226,69.28136896339669,10.014273067836434,220.95317795632513,53.972352397426704,正常
72.53893012589658,112.3848962687693,1.532150974577879,1357.8774650323166,74.61672028712397,12.32386108646439,217.64767743737224,82.87081874884917,振动异常
63.95938874821363,97.11227067344736,0.4928398740585936,1472.4070927053776,77.73142124001849,11.738899663797579,214.9165843571175,49.546062323838534,正常
83.27465889961894,104.08600442490885,1.0058914963196715,1366.5866844907923,75.43203766980284,11.801795116647678,217.58548385966566,68.26153075805115,过热
85.36802197802619,123.97288694773111,0.6543845804289358,1402.6396896568194,73.67560702929916,11.569808646392596,229.79489713109103,63.583909805273834,过热
64.34928472816158,99.54443501023147,0.6050654396007612,1592.7046283167094,72.63954711151436,8.899845767028305,220.6177384797779,59.966221339264884,正常
73.22447986753042,104.38417263009785,1.376256296433619,1349.7076555940343,77.07192210785212,8.331710998475364,218.44705756296062,86.11811307157085,振动异常
66.89687664104474,91.38394879347871,1.504035109385788,1304.7673811460409,57.54420748644945,11.322312297253157,220.39536915763597,74.74178484717906,振动异常
63.45393812074393,91.718061420645,0.5471415556386404,1520.9509504683022,81.5879876780398,10.874389180712727,221.19702250267687,54.308426124459245,正常
65.29104359223,96.4456539193911,0.4428821010217203,1560.0206953972213,80.38003569299299,9.35851309095569,226.0003947821343,56.00252925173469,正常
65.4982568254382,102.07778001377186,0.6565524029234341,1439.5152628579447,76.8364365670067,10.715381315441244,230.2827178241477,59.73435417268655,正常
92.31017297108468,119.97431683179626,0.9716028390604291,1490.2918703037433,70.5416328067148,13.022043489862957,216.34412272426022,59.05518290232519,过热
69.57701058851038,94.82741692605978,0.5583928185325964,1408.189731344835,72.67691351350804,9.491859802352689,218.06434675105243,53.421256430447734,正常
62.696806145201066,102.93278596877478,0.5289168643907818,1501.7041734129614,74.06427867497726,10.000207064918197,221.47112064506746,53.23339951978391,正常
77.95145330670967,115.88769654216672,0.8014356933815885,1366.2526478684508,80.77317563230582,10.745906771849963,205.74306705029383,63.42351672356938,过热
72.82321827907003,110.9349941395562,0.42690699600580806,1484.17957751526,70.38794907750749,10.197315707405595,213.09477698423112,53.2461468080284,正常
67.94158603242288,97.00143353960323,0.5238789159026513,1411.959559400961,77.12030522232045,9.748461113955504,212.32213938396447,58.65691236938099,正常
66.78507742982524,104.74481006374707,0.5732640077215579,1577.1054976283938,74.55818520397332,9.169555593443434,221.66929983284268,52.408351118230705,正常
70.60701587654783,100.93020035108363,1.5102088759040042,1506.2445511189574,63.16519965935342,9.206292624260428,219.5456051443888,69.23223913224084,振动异常
66.48492336616593,95.16811850627343,0.5243339449322691,1488.7617299053659,80.00523046283571,8.356811188845832,230.44221386434964,50.10858026885458,正常
59.01896687959665,101.71183928587378,0.6795877673095522,1453.9663203460316,71.96089006452783,9.896778247067504,213.8116878883635,57.04407853132884,正常
78.10637543794994,101.97819413017379,0.5760907743233663,1468.102000534104,75.80196614864435,15.139796898314916,205.44381648187172,63.8434952853515,过热
61.279715465180765,87.90424007429701,1.727647324849083,1347.8659902274867,64.78382560777855,12.297816903559688,218.52484252208444,65.92783851252034,振动异常
86.83197113967472,101.12300083591438,0.9565747469897146,1441.0035568552535,71.37394324207865,12.73947968777169,218.84595663814386,56.91643312525993,过热
65.33764102343962,98.00828681216741,0.7298898123619251,1531.688844046605,79.59614467287602,11.36065859583865,218.85304627965985,54.85330844957768,正常
86.73299980323695,105.45222708999982,0.616735816185316,1550.1441715495798,80.10643735447883,10.538817230675448,202.33129288169937,68.33134836021762,过热
107.94722444533414,98.85877434991684,0.7634862051240918,1407.412660465988,76.59526967688369,13.33810139959758,216.78522443798158,65.64308725202483,过热
64.63585543671563,93.20124504428166,0.5877362290575672,1578.0755598363426,71.23921797204709,9.733347670765585,218.98509681302173,55.28011712282996,正常
78.57740444839327,111.04120889588518,0.717517236356704,1421.7241755578489,73.5813048717287,13.229887878952852,216.56992752533375,63.00060880665814,过热
59.15660981190234,92.17955804161159,0.5186609123156358,1484.7387647822666,75.95249839889533,9.005650625391487,208.90349813626233,57.00596441427372,正常
89.044713934687,95.26621161972966,0.7671329588229218,1325.3312908086282,78.58380112526226,10.64899292623128,212.7796459494756,67.4309239578097,过热
59.8966642139421,85.93041758028588,1.6252395269463884,1340.1523148302683,59.65017144100841,8.847294664169645,232.3278062331484,77.46633650911056,振动异常
51.901274479551276,113.15974170801027,0.4966873027126203,1560.6548849989592,83.07687844734721,9.38234810456565,221.5190929780244,54.9068232013873,正常
71.91398202906008,102.38997338975905,1.3482101403036435,1492.0213916718637,67.34994179750792,10.566788932096916,208.48624575938246,76.03349978665368,振动异常
69.79635413042604,107.78043559701383,0.49374068721004777,1432.1709097688297,75.97368097359387,10.501782736167545,212.25690850568128,57.32808374153043,正常
54.852476893008316,105.59455558677564,1.4235159088789233,1340.0662618717406,70.30128609595272,10.04472303473524,214.71555486339875,64.13460062817926,振动异常
67.02490855480478,105.56965091850735,0.6380091354147451,1501.0635788368031,77.13597180935842,10.921650111924459,224.51138586893325,58.59174077093569,正常
62.37122489159619,104.88468596227058,0.3429499396376823,1503.0839924923987,79.31196736191379,9.951347648429548,214.78977793878448,54.007632327017326,正常
62.89677338617321,115.27533312376104,0.46066611876726393,1549.6021174768262,77.44593565073832,9.097948445642489,224.8409233026643,53.72729099980587,正常
61.037396307836495,97.31372240567897,0.6683927691457869,1533.1440634333705,74.35731244280535,10.105894453115233,229.04653174866556,56.830648508767666,正常
58.92905693606134,98.52813330917857,0.3853654606981312,1554.4374309852094,70.40307704206788,10.668741655592513,220.01847835923923,57.218959455174016,正常
68.23844269050346,100.04194959774547,0.5096120776940983,1506.1148751516141,71.77017910437732,9.207580079000039,217.2665995770637,56.04940007370372,正常
71.04212163281214,94.18616286179567,1.4007675311930843,1304.9787808065978,68.68258292859025,11.354279090048724,211.31551185060147,70.58190998309914,振动异常
73.89609885661964,91.76884303189586,1.3958440514663213,1301.40550086688,65.60299382581576,12.493478192426307,218.26297279676257,76.112229495625,振动异常
58.810922505865754,103.91499648982334,0.707674798356084,1480.0181907192698,72.03767870423553,9.018834468860318,223.6593535214415,51.64844061487899,正常
86.18471535838621,125.52972024501663,0.8728280592109323,1440.9220467860487,73.2381706279527,13.553165124625417,217.3098240240787,75.77464338691571,过热
65.40937069693162,101.79107219423305,0.5424165946401917,1525.3917878144812,70.06410236424408,9.752974299254003,227.27911161073382,56.655222399732764,正常
71.38905415160073,107.36387803380354,1.7526891981041708,1493.4007858389157,69.03342365736962,12.908484282288367,217.6334149519648,78.51562152366392,振动异常
69.26216667398111,89.63936982349107,0.6047098302612155,1536.743889302491,73.9594157136373,10.6863184569567,221.98963524973405,54.38016616091186,正常
64.90491896048655,92.40480888934445,0.664201516013637,1488.6760554049238,72.02169352978254,11.2119439853864,219.63026217195804,51.884368537468085,正常
70.59330014455553,107.33443008792419,1.1211690672904309,1398.4164524383434,79.4160333431669,11.456933685638061,212.62743223444974,73.53177462274277,振动异常
66.29941397124212,80.22684399898168,0.6846636996047666,1547.477706772066,70.36323432904713,9.776797745365196,232.1335824317276,55.97217108466468,正常
61.73335383713144,99.5656410678575,0.342360784301575,1529.3182009377547,70.66912575892749,8.66968637426101,212.9721649041068,53.99123578395678,正常
63.82706433312426,88.93760215228531,0.4183064329012764,1516.0848903098006,75.89790890969799,10.81788965802503,221.70025647284444,55.86198671320903,正常
64.82086980445024,87.87847150241159,0.3620680771985473,1445.384361766371,73.0412092547809,10.088657590961438,216.0700698368251,48.73891894419379,正常
93.46982823907103,120.88626928043595,0.7929984779987529,1367.6954122441896,73.79788612702409,13.048033220275565,220.44184166734104,71.9451218148138,过热
69.72064467429551,96.19424631057112,1.227369098757608,1531.4833207296424,73.20126996760736,13.389644502100285,207.62490266297948,70.87863280726386,振动异常
65.76862552972764,92.16989027374154,0.564084286126701,1451.4192980744674,71.01987071598255,10.019147777415752,221.05641846139736,51.27471827355512,正常
68.12059908526078,95.68192255752511,0.49358616534070077,1475.5575289106862,80.50479817499286,10.695537757565777,216.28757883730808,55.21804157298802,正常
61.42824290986816,96.70498427102027,0.6117295831588128,1370.4478853927544,81.86829272581478,9.383638591960523,222.67314543061218,60.24208959374668,正常
82.76151726098395,96.68045082505549,0.43377102433233,1480.3744593583556,71.9442686305931,8.442510958711662,205.58430309784026,64.87883583065154,过热
80.28582678568554,125.67906338163553,1.01395429099677,1477.7490174440113,82.79235011010788,13.350799615997387,221.11088281306738,62.5576195994482,过热
67.59673257120586,95.39489739009781,0.2500594285126427,1498.931635282578,74.72552999691857,8.970628491817928,223.14764792110904,53.18048983535278,正常
67.25587167566002,113.33691870253206,1.2245363500470625,1566.6128257687838,62.66989701916815,9.17565584931127,212.7728418199542,78.48988563840844,振动异常
57.891994536641675,96.15611002521754,1.2544184920019763,1398.3004176579007,59.94622294550317,10.280214327299527,216.3624000786469,76.11722951652281,振动异常
65.86590462925591,108.3003195540632,0.3998379990105084,1481.7339224343946,76.06598314118844,10.189706167610396,224.24215441102643,52.144244619933296,正常
64.30867849414408,95.20499981636982,0.4483955271782626,1478.5297229437374,81.87438209574093,9.855481329284482,220.884104360697,63.07910099194149,正常
72.73951833308512,102.66291531826978,1.550271031740297,1386.1896692567332,79.7368065060098,10.140111813891075,213.36182174238377,64.16996260232193,振动异常
68.69233289997705,103.07252359151445,0.4950536290347567,1481.0436129506256,75.1210972833638,9.305286868910942,228.74791952102711,55.88687346624128,正常
72.66369456501289,100.97607851716289,0.7290942572590742,1462.639416042609,76.42777037428829,8.647329714156466,215.97842120170003,56.36771258551211,正常
70.41525621587638,106.95684736084529,0.5059630369920174,1559.28520773315,71.45796616544769,10.719757942148181,216.82318805587187,53.759183399735065,正常
68.69494752336168,81.32283365392188,0.8251702637397709,1415.4703561539327,67.50818140929917,11.747704817466914,210.73903433951506,75.51604778290057,振动异常
71.62274312166737,98.6126504232376,1.5836399437156383,1527.9576752091032,74.28953519108303,12.310166406889575,213.6916112982904,70.31365821241047,振动异常
62.18137723598013,108.11496052014505,0.5701172742310898,1356.3868893359177,75.48991576735447,9.339678860526552,224.26987988276113,54.19707672730362,正常
75.34382681714227,110.11499575361862,0.9744394000145956,1426.416834576316,79.40851148426877,13.809912232295872,221.85361984194046,64.0456389022341,过热
64.82644115147379,104.00733750099505,0.5607896509716539,1446.7443168462314,76.65990165284508,9.771400084659982,220.42946503146666,54.47330816350235,正常
69.83145875918812,94.07460102643263,1.1404823625143865,1347.0766845987766,82.05508568465737,11.193559451195235,218.88653544440078,74.93848803422904,振动异常
59.87806179332855,95.65260183092988,0.32602862212219,1457.473977289535,66.2573401338091,8.928946320350951,215.25825997887898,53.41200366265489,正常
61.134951080722665,114.49958846397543,0.5853415558780308,1473.5473661326853,80.66885048433532,11.235811620006938,219.0176670828595,53.75209921615792,正常
89.04772442764693,96.84624371683879,0.3848823981842934,1484.0861923077189,82.88044619109255,12.442919910931302,210.4688432702822,59.52364740578598,过热
68.75966516343387,106.01109698697431,0.5194089992898308,1490.6514348507278,72.82256814715079,9.80897223739983,215.74296782869843,58.88761534558904,正常
87.3852677279242,92.44864628026605,0.9101595144547328,1479.619290858589,73.0875069756123,12.316002697804667,211.0194200135263,68.13306818631536,过热
93.97486284984376,117.7951866976016,0.7637101861504967,1506.9756742818693,69.27123169573385,12.231740498392877,217.78673391396902,68.61413447492757,过热
66.78893680174141,106.05590893316281,0.6399355436586003,1447.654450865903,84.50595342876504,11.804348109786742,210.61723646979064,49.27657732636783,正常
59.66420761873406,97.90219576668525,1.7684731668080476,1283.9257687111021,62.70409888366926,12.02976688512082,220.69091272517863,73.1178087202205,振动异常
59.987353176810956,121.05905651869912,0.6009817089342634,1518.3682753408089,81.87219046585409,10.261250531233856,217.74170261920187,50.106172553617164,正常
76.48512372998654,97.37329892029902,1.5630909120665986,1350.8368973047125,65.77313191754769,11.098386576589663,219.26220268124533,85.44857763097303,振动异常
93.84720339485847,105.71253749910892,0.8928739727093149,1464.5729207890165,69.12744857086987,11.088791568569539,213.49390931930955,78.77608871859951,过热
63.058790176244905,98.72974288610742,1.2063777491070702,1388.659395677797,83.29114486948667,9.918349184123391,213.6395485707079,75.23020451264799,振动异常
62.644808471908384,104.14127216375299,0.48269281757161303,1469.889396981911,78.10785944928026,7.846657080128756,207.35219961152848,56.29678885190247,正常
59.24503211288849,92.28061231535916,0.6579572145730712,1502.1905735989556,72.76339052170624,11.800511181510853,222.86028720857072,58.74067514660416,正常
61.9493076047159,94.26835789485324,1.1711339025394305,1372.4748834636619,74.8831087923744,11.823029382330104,215.71106351105544,83.95115678344536,振动异常
59.468325129969855,94.40219593605931,0.6547505201330062,1526.9377996223184,64.39072550495703,10.39046484992889,222.4112447634033,51.69312355049073,正常
95.23092650650715,104.01154798760695,0.8001365637914966,1459.5677504082478,74.83578207506044,10.545384420547988,217.78876095888785,71.5584672463633,过热
64.99259535325872,91.84729145942251,1.4972452939844583,1351.0693010644352,61.4963570487795,9.967125003925593,213.3314312850037,63.69819392879555,振动异常
73.54105169628421,109.5926815236714,1.6800638897232834,1338.3039760360568,64.32374244659825,11.192707319806111,206.20666465114095,81.6345901806629,振动异常
100.29135269711779,104.02084753557097,0.948837142063007,1364.6215044842995,54.96552804308744,12.756724884574526,210.507538029355,69.18882110773295,过热
71.71843270821721,102.84591461494807,1.4229164624634656,1372.3882495089579,72.08916269787008,11.984664203465476,212.65550681868643,55.09742353950135,振动异常
62.79977756651508,78.79224153285591,0.45322987986881086,1440.2058468982407,69.54516784892401,9.495820168992328,222.7614996883976,55.67579235174265,正常
66.71809144784231,95.88906466130645,0.4362260015748684,1511.6892955895373,80.93693025782376,9.672105283487083,216.08117167206802,53.176374217972544,正常
75.95227812904989,85.56094319468384,0.3476813095216225,1401.2266716823065,80.42991058087516,10.54711911517521,222.41343943604608,55.75672118928003,正常
74.43092950605265,95.26084860608904,0.3640143859020081,1501.4090578684563,78.36286850601365,9.09937926535213,234.74547212654363,53.75141678534424,正常
72.26846347679297,107.26496500334336,1.5718882554716993,1432.75508245138,91.6880960384988,12.38317772391403,209.41501279025198,75.93464139337748,振动异常
82.69568900862339,89.02400830404568,0.7696571132845542,1500.9767193109728,69.67582821268313,12.90840934894697,215.01060550987526,62.58545080269741,过热
70.49388425993595,99.22629510503685,0.5217432873179723,1490.317027036014,86.15650073096316,11.795211355912322,227.66183862339057,54.1505833097687,正常
61.53545202369673,97.52362848548808,0.49192834198914176,1600.3046444079562,73.14994485058936,10.522514105265758,227.15683390915592,58.838394794973254,正常
82.10829786644811,109.3477006455689,1.0025274819288144,1360.059042372496,81.77785278667679,11.386037288856418,213.57665699356482,65.40639211028099,过热
66.25246425172938,100.6927182997832,0.475876394214367,1441.494348697032,61.48383853500381,9.824145595567929,212.0700834388102,58.61798354964045,正常
66.70575987408321,98.24719576952909,0.4347376020697609,1419.3219301061629,75.97303727618622,10.15175799224874,219.74897691479129,60.961827997692424,正常
61.913121639755516,98.90711965380325,1.7350076131572094,1530.9391969464511,70.14074526808369,9.823925237791263,213.37508718362787,75.67621587027459,振动异常
63.07458859791842,107.6411385640099,0.4444522880839745,1541.6764480804463,76.62898158291084,9.132869784289099,215.84088895884778,57.50000173534092,正常
67.45959585753253,101.66150149730488,0.36659745050817955,1353.9324758252696,78.77145664906787,9.07048913980759,217.21288473445838,57.13696647874049,正常
77.097013272794,115.63940987560856,0.6104214565462027,1520.3030748829697,70.09057483354428,12.77985320929313,205.93772038985804,71.30759626267758,过热
58.89578175014489,100.5927582433582,0.5234214732536521,1581.9558402722034,72.98175768379002,12.759660038911077,218.1523653558332,54.100485411175356,正常
72.89606407753696,91.45903656493924,0.5222133771633712,1464.9004156096623,75.61335157997398,10.001205475362225,213.502093815362,54.758200752109715,正常
85.09999457525801,106.45521197768241,0.7006135949764044,1413.1406113542223,73.2285532944107,9.237153340563214,204.1445154424034,69.06990430098871,过热
71.76563778537098,99.39792499279461,1.3458298120053471,1354.3748745770827,72.73256336076763,9.500215592492763,217.11595864027097,72.87551589985166,振动异常
65.30874298083283,95.53643673049915,1.3446727658333342,1489.4905867323369,54.542034566402236,11.806867205133658,225.03086085964307,70.86522493460937,振动异常
63.54153125103362,85.93008410861509,0.4718215391139493,1610.5261500795675,79.2638683756111,9.508363814367952,218.3296138451003,53.900478938895844,正常
68.39798874467338,108.75353214776759,0.39772074348015946,1486.1593350055539,75.09424811472424,11.007513689836923,217.60253516300378,55.103323035117526,正常
79.58403889233175,79.67753914780315,0.6418201236664894,1480.8168678538657,75.55540364308398,11.06052708572549,221.77505683107933,63.73161961228809,过热
58.39771693457862,98.37563691165606,0.43080919301187554,1546.7159955619636,77.50547084969922,9.171502975219754,217.1761299791453,46.02659208729783,正常
66.73224104748488,98.75458211686336,0.5352055396514297,1409.900978120999,78.38937659765453,11.661470165728018,210.60037807430479,57.33222205829353,正常
67.48999145622724,95.50026579284585,0.5281191423969376,1437.2855288415376,60.2980568266786,9.451712703509399,216.2671082672988,56.82473857505491,正常
63.98903673783053,113.5716509463203,0.6914031353866786,1573.876504052763,75.71471547381853,10.887655425873836,227.81706679416055,49.39055098140351,正常
59.95956757325639,98.37158710028696,1.058853134630625,1385.3359432379043,71.25735590842346,9.058639263421595,210.32988422718606,82.28172626931796,振动异常
62.40864890863176,101.62770908693778,0.6044160877069072,1547.8351158397293,76.62179640860802,7.703819046862762,216.16671706108326,56.37305975816066,正常
94.99695124237333,118.84532047593906,0.952805956314572,1479.253617825203,70.44119915539493,12.629558412535898,208.24540770253543,61.335155504381206,过热
68.7841401467863,96.75338979853498,1.0118985237399754,1317.0952602100983,79.64927148817665,10.638823625128135,233.85207146295573,66.97248877200397,振动异常
99.45757314910308,106.94051943605874,0.6480593765039426,1455.2018619648638,66.20252208148048,12.203007521838437,210.3243576651965,65.09690618849012,过热
66.55453782799002,92.61413403111277,0.4008607650543693,1494.9922961760024,66.1348376589656,11.059936384046622,228.77737849157745,57.52595108635638,正常
64.4217585880588,83.46046319968099,0.38772779784377015,1470.9159543025678,74.60179304377142,9.475911602065407,213.5386865244719,59.43080327835482,正常
66.58573253085999,106.76260024485062,1.0507659994182754,1455.205894106929,67.76807551153688,11.151081666073951,214.3294421629725,89.2987713154386,振动异常
56.96258382719386,104.23843342332226,0.5650201177958661,1521.8469084873175,75.3502608155659,10.173341664370408,218.91491474787816,56.92143938560247,正常
62.27808637737409,105.16300759668118,0.4554497478599228,1490.7356170561145,84.36648888108773,6.980487844179175,212.3444624872214,54.84278664826759,正常
64.62894740388981,108.09675354314827,1.745811980441822,1425.597215291613,80.13457492920506,9.894258771885294,209.929913096416,61.44595283203938,振动异常
72.32824384460777,116.4859833990559,0.4482711549899628,1440.6200790485243,75.56635205268883,10.059932630266328,225.23658853310724,54.16334981754773,正常
72.61514928204012,100.37584475011793,0.45377247112949576,1527.1649014518193,71.00403996674873,9.69203847036096,218.64172444836973,51.98783620947397,正常
62.88567940355538,98.76020107750952,1.8080683854773743,1406.621832302834,62.95150847338399,11.806752089648482,225.3277696741109,82.35897212763544,振动异常
88.40355891347338,110.69760357198646,0.6561781097101629,1353.9837337297774,71.8127790663655,10.364687389800855,223.57543892169437,69.68738746253463,过热
81.65672363387287,109.66545311450128,0.9192882275163505,1437.84854637611,77.17334107132186,9.643677814311133,200.75073268427494,57.27531326661621,过热
71.40063035710507,92.67843690078296,1.5448025733179642,1430.6122841181993,70.97648457303221,11.622551620942065,223.7452229796786,69.6827912199835,振动异常
70.7141140725751,100.7946584434338,0.4553566385449472,1469.5243898920357,78.5472590856952,7.4376663412046895,218.85100184712402,55.294202618616836,正常
64.07170511668092,100.28210841577383,0.34842558850027683,1503.8002695706207,74.40965736504461,9.862628211600603,223.7134120917986,56.45162995356412,正常
83.09511650950357,121.95722877810866,0.7279921462486035,1422.8830376852873,76.49940143654226,13.496448115380367,224.50877458469606,72.40980384218268,过热
71.52739403577165,99.69892238060122,0.5150418905143577,1495.8659657078651,65.99471132923631,10.665924252054461,221.8382464649571,56.16693618805655,正常
69.26837940482395,102.67422871074099,1.4219072876185688,1278.482417534935,67.01971076743887,9.927781888976863,211.81384834911617,80.73072064432328,振动异常
63.911718589582556,101.00994663363669,1.2672375530500548,1361.4149143250957,72.51817282588752,10.019110238702792,209.98058899811048,65.32641031008315,振动异常
74.26297801211908,120.94442391749197,0.7755885735757446,1473.298720325407,69.67054167887076,11.031641891946908,209.8992996633923,69.78919815554134,过热
70.28561113109458,92.48096170938116,0.7455300139910894,1461.5013384470678,79.92864997839932,9.990699678861386,218.82796099841838,52.4882127068509,正常
68.16959511159006,86.76114662507385,0.6573986763290033,1514.128997524415,76.8075176260305,10.730764119066524,225.35771576117443,56.340617502408094,正常
78.488822414725,106.17166082264345,1.4011532099346042,1370.7807218008122,57.616647873824206,11.591460766222244,221.54446601306196,75.25407565265161,振动异常
72.84821713641243,90.3820912868692,0.9321713467229845,1409.0715513573352,73.57087052875052,11.561540506558222,216.20707946582476,82.04052770365874,振动异常
86.47768379824866,92.11692382536462,0.7752534639800487,1391.9172544893852,71.86619829769168,14.179913214063816,212.2752103447211,54.913306009387945,过热
67.11676832788642,101.30759369486542,2.0053574503810356,1431.290230154618,84.68755032182723,11.47149621265786,229.71750429493707,73.9878488243684,振动异常
77.28369764071847,98.61717273471506,0.5543112337468475,1536.8383419635084,73.84188643611742,15.063104479391821,229.56435126353452,71.01225623991536,过热
56.434327354545616,99.68355876914676,0.4980362201073319,1530.9577130502598,74.8673937037547,9.078140186874688,222.865639066206,57.13813608658399,正常
67.93428546900135,93.89392674765986,0.6195046628924843,1503.223720740506,70.32280648977702,10.022465892812047,224.60900750988625,55.27525745334512,正常
69.8777256356118,90.4169768592892,0.5632931817755511,1497.2115461171147,80.69939280564523,10.193589911367544,222.36001135459637,55.58232289286007,正常
66.3229552202208,101.58332538610283,1.1403145806018373,1305.6713428509722,68.92266341117718,10.681714951435758,223.78355253833342,85.96081482888297,振动异常
64.702373219691,95.62512847007686,0.21514573793699243,1438.7850881855318,79.05404136579891,10.404294754961697,215.52465078861698,54.00141878685247,正常
83.90403608446033,104.64174421293536,0.5051735735915789,1373.2581558268128,73.46118122511807,11.158858639530209,213.15144418033856,65.48906646546654,过热
76.88192405451318,87.52363490171739,0.3734808747690328,1399.3035136843903,62.81723154153974,12.575152547105466,207.5152296099006,66.78486379633463,过热
83.61758610082829,111.95402474550299,0.6377998272742311,1546.5268513440624,77.59460922572801,12.037816301310123,199.5059783799803,68.18662341511536,过热
63.327493820795254,97.81821144201864,0.5883659937486673,1467.4321553104085,69.8616242953702,10.104355937523213,216.07619045936147,48.850176164267566,正常
73.91209646080802,116.46440870400727,0.7348777895702994,1451.7074548709895,69.0247309679391,9.963723690237098,216.26471380258548,58.679969160263184,过热
67.21909714073114,101.58467808614284,0.5543600154594432,1564.4876377041373,76.44346814639928,7.395786143372866,220.85919669896765,51.39355142177173,正常
60.126591648863396,102.3181988551713,0.5642722759867544,1499.2345075413502,83.19982264685697,8.888542043062968,214.9305202385373,52.52645751541698,正常
65.99529847786735,91.11539323627338,0.3443418101340249,1493.952592569611,72.18915986710849,10.679373282956503,221.74825023649848,57.325466482104346,正常
70.01766448946012,106.06006168037844,0.5334456789987025,1454.8046179267606,72.47612539385891,9.865720837813695,220.18968917723802,52.339957233149626,正常
68.93542301871226,116.60320638916352,0.6329152530132431,1528.9645749800545,78.71063745535946,10.246504778432005,220.4284358070168,53.1742308302809,正常
67.91540620455997,83.6054471402512,1.2213623755642624,1392.7139311717578,73.3365572856039,12.436293138513623,216.3492714304697,90.03899639536806,振动异常
84.68784384497965,116.01322957735762,0.6734489940229922,1478.8544855649338,76.81277075170871,12.012834121236525,211.13737927354467,67.12660654165055,过热
69.87559866708875,108.23324509860515,0.4755843364709351,1476.6981749065878,88.22171673508518,10.890383163519786,229.9353055584972,55.123976896811854,正常
63.393070791735035,107.8615278715641,0.37723921848630076,1473.3649580169044,77.33846585882716,10.04977368718096,221.7116891724481,51.9365126273191,正常
55.40386241348585,92.28131107794137,1.2901756379630138,1355.7458203722183,58.621191765065575,11.64532182844218,224.4979996311012,59.46513072496475,振动异常
63.932764241440765,88.74671122521423,0.4153038651681672,1561.3466611942154,74.74303138205757,9.60798736008087,218.9776438950694,52.31007331805438,正常
69.10951252187611,98.00771168354898,0.6794557863517787,1507.0858456819951,73.3883976539433,9.68392714397295,223.60781252563072,52.2709497490545,正常
59.28514851084688,103.01840394435882,0.5572582781356159,1467.1552860514303,75.10655824335971,10.487872284871074,217.54048776246898,54.534222853525755,正常
77.9734153825621,100.88176631036343,0.9462760505149985,1469.1714802469774,73.13596984375424,12.43634558638501,221.80063465934043,61.79166589934809,过热
66.20981135783018,87.72708663411503,0.6446977884353733,1464.07963672154,79.4155488857358,9.230857650212702,214.38727596877794,60.216554055559996,正常
73.96269328718263,89.05769435965368,1.3076756200384934,1556.786980379574,63.341709407284306,8.115597678679364,227.29183577014422,75.90764832045242,振动异常
72.37678108474776,89.18652315506932,0.2846609886396285,1489.8163124911516,81.30960750356996,10.617005949576697,227.86509862607429,53.89237839865766,正常
88.33156830481163,109.75430682526624,0.768369231125536,1444.4893141399027,69.76394649628816,13.508886767694625,207.6975126456279,64.81053459141584,过热
62.65262807032524,100.9623650536952,0.6255756125573521,1429.8697364100153,76.61539636558014,10.659245668432405,224.05698277245796,57.74617082668048,正常
73.56947414806595,99.81487614616329,1.8246336938979422,1467.342461982721,55.399452927664974,10.534442037311058,224.3771221581993,82.82766244533241,振动异常
59.62730897146957,81.83921144632987,1.544836826898993,1442.7491918909107,68.50287382711753,10.507377820724324,212.34763889855452,93.3352901345495,振动异常
81.7648206145283,102.72523740046593,0.5968242346020044,1471.6388734861478,75.42707643731525,13.414182771210113,225.48153526464716,68.69590247350784,过热
62.92596137303532,96.32667967146106,1.4325440832615444,1474.0780080571694,63.420225195949534,9.662213375177103,232.9531039916041,74.3033221908548,振动异常
61.99891561420603,114.01816354738898,0.4571884839034087,1520.9766221953514,73.95389063127736,8.851205964841345,212.17598614318973,56.65912025755708,正常
96.19675716116635,125.95843501809159,0.9586351376437355,1453.6051596769098,71.33512463832548,12.709557423240323,220.93967130874097,66.45473682169742,过热
103.17159796338237,108.36144963026229,0.6013282600836098,1548.602689348272,53.95420596183746,13.620084088708966,218.37424059400698,54.748212713579,过热
66.08229294790988,112.2364025556849,0.3331415926122411,1540.7868606269649,76.1660806563175,10.79062559916277,222.31592397633793,53.02525476299846,正常
90.32333458953423,106.75286778933923,1.0385470330832829,1427.6885270632802,66.04982001935814,11.910260784705144,210.35986933877052,68.5920871173582,过热
60.85502494538964,95.81821583584768,0.5998010109859653,1538.918053808332,78.48477202255368,11.051947617722918,221.93404260344602,52.879322296037955,正常
86.46116222108301,87.38968857831507,1.8872275272367285,1521.2355846681799,87.48190588493898,10.237350681421333,221.45870807073453,72.10121953963119,振动异常
91.89308899598355,117.39584006441561,0.8362125485542166,1565.4067476894973,69.50024816630723,12.218754705323075,211.32274582181603,54.54848550573422,过热
78.22519227099708,107.52568845996623,0.6331353909016836,1379.4295998067132,67.31306173121331,14.803226760815779,217.8029617310907,61.66405457611247,过热
88.59579130265845,96.23226218788156,0.5368368367144987,1463.1120425446568,67.33577109092457,9.381438850710522,223.46251344656636,67.96265153658881,过热
74.37594374472516,113.06027551537271,1.0469876364044244,1440.3665451581912,73.15347006644625,11.957420841658566,222.9341028253745,93.59759131458733,振动异常
64.03819517609439,95.38582935545334,0.4904704467613048,1500.517630992169,72.32335907023038,10.740824345420126,219.3727286999855,57.056523216370614,正常
74.73424531221896,102.08226971158297,1.8579933017781378,1416.8397039137203,68.66687669849549,8.223147120799874,218.208845242999,72.69139906276719,振动异常
66.46536236649341,102.70082129660162,0.4917848821607431,1471.174479963664,77.5560129976249,8.739835234827419,215.65853634061816,52.153250437525486,正常
76.43318065052449,110.22250636017779,0.7528060025578057,1512.1652590627755,65.09307758068279,11.0837135402924,216.81347398795677,66.93191326924031,过热
67.15010848393923,90.68458768697091,1.6963293081316864,1356.719450737368,79.51432645914818,8.451262900759202,215.86344770828566,82.43145610825772,振动异常
74.360538439452,124.26356199554084,1.22851565011858,1483.909131350029,67.67998040102948,11.723096321574008,212.49188563016622,62.640512622772796,振动异常
93.49096771898508,91.27534452115898,0.8615225336378394,1430.6783107304766,73.45874075107736,9.603191798257743,218.03524318084087,64.35670276823971,过热
65.65370288643045,108.7320548153797,0.5346503881730715,1522.230133411007,72.94592856022707,9.918477326898355,223.12815466823,57.07816826535058,正常
67.65562780955578,93.91927302454532,1.3469517559049349,1368.214139795891,69.27489202615953,10.71411958993326,214.21441499757327,66.22285080296949,振动异常
65.14522733597059,95.25330039067323,1.8757622193087693,1397.0728020525655,69.61655147762822,12.492086956624593,218.29596899476905,86.33129433360234,振动异常
68.43130095187257,115.05619597180026,0.4975645407739017,1481.7523635228558,73.8757200909596,10.744191971499937,220.41913313964682,53.76572017865199,正常
64.61449145292949,102.6154189901133,0.5840643548988724,1431.4049428534322,71.88675319132774,9.680152476745157,218.50161675996605,50.89505488350157,正常
84.98076927264917,103.02062271015318,0.8993747181015195,1507.6182877768883,66.71547546238362,11.106697597224212,203.89705159635358,66.0530041964882,过热
66.70877987888579,106.67137723639124,0.40175126064616906,1508.8220777638612,78.62547893423998,9.769599285794232,216.15001966901272,51.40963406072107,正常
65.92316929266153,111.5325489652632,0.49008241362206173,1559.532313739317,80.80939151304095,10.2439531979085,218.4575860577209,54.42849068200657,正常
66.48060138532288,91.70203076538834,0.4832881919683146,1545.9538241493885,69.99834337697213,10.670480617241212,218.60518534834097,48.747661181504235,正常
66.64375554829843,91.34761597108483,0.46407079092129405,1525.3995663456271,76.0057982793642,9.852219681182529,219.7729439103388,59.16501333462534,正常
69.06754818000319,103.19308891481657,0.5495681887972604,1406.673169146347,77.50422237472229,10.497743089091394,213.0034691259903,51.37156919374358,正常
87.70418784881366,99.64683287432341,1.011473661075645,1335.5198717726016,73.32935084174527,11.687297684189389,211.33089091119132,67.63448961832897,过热
56.375410837434835,102.65851209583673,0.6031844539468635,1485.2525160853986,74.09760043204687,10.829474841931749,225.08830733421752,60.4976711304376,正常
69.65640059558099,93.65701734190125,0.4429253706250524,1439.5179490654398,73.52299294930485,9.180742140278502,227.43623077667962,53.46041090645981,正常
66.13729967302065,106.68553689652113,0.37196956013291055,1508.0286990524933,74.47775390731265,10.164760841236516,216.45210072625414,57.989711531738344,正常
70.15499761247976,95.75793905302048,0.6420504247989856,1561.3834496236645,76.69241921730845,8.654129076526786,223.4102603285631,58.653877456916675,正常
91.05996119469988,104.22778954776955,0.8702959800704404,1466.157685154844,63.45790417869646,13.26716156367255,206.3115633430553,73.63113272817816,过热
95.84354240884397,92.1541573430003,0.8145748196031031,1521.5139600648145,72.67884274231814,11.848078921947701,219.1125004193982,60.18674494040512,过热
62.46528412314435,100.20872840168667,0.5125576453471542,1477.1451871706863,73.28403862251295,9.473965157332419,222.79069757259253,53.19153803264812,正常
69.14549914486227,98.282562789795,1.827632035194728,1423.4830023974912,74.85746263233881,10.21143804526633,212.9858659698798,75.5866939582251,振动异常
89.02227541516156,104.50970659161963,0.7258834475198435,1429.0336403669826,77.34782212121853,8.904895271280818,213.249069986115,58.174891022866824,过热
66.78556285755873,92.35567647519659,0.4469131227079679,1492.376508180973,74.87902196804542,10.601206748929116,228.59688953103648,48.6378995420948,正常
69.39720852456139,84.00163639542882,1.7096759055242368,1359.9841746323204,89.77031413702133,9.907225895381012,220.71653811246017,66.34468505029494,振动异常
88.4265335390019,108.4670997760492,1.0505685268854967,1581.0458040028275,72.51666520955386,11.62639223302044,221.98259480804506,63.82041735343938,过热
82.35265781164395,113.5805266859057,0.8466096803415937,1523.2259183855908,70.66234731268551,10.527215982508256,225.67145100763625,81.03967012913571,振动异常
72.7496720250877,100.37918937053131,0.4497945775647389,1483.145701444098,66.91844695781705,9.4263982271031,218.52455042881047,59.41801202725294,正常
77.38146895408963,109.35975389500047,0.9564260003062919,1396.432749070487,63.79884982031504,12.16580297621091,213.99860457293468,59.53929203285634,过热
62.64034067105283,112.74549301311518,0.6727543170100712,1447.7595402989484,75.84327335983363,9.350626961678573,222.0488139797975,49.39077490091374,正常
63.494481522053555,99.28703968389769,0.538240974618405,1449.2621634653567,77.26185898124866,10.152354872033722,223.44853902622597,51.49666134619619,正常
60.76603140965798,106.64268653235396,0.4779035826170336,1501.6002074532882,76.5958725520959,9.570755579701338,215.99980717801176,51.60938882597823,正常
75.08940629851487,87.05077276277862,1.25469528101846,1478.0832575484758,63.86910315453423,9.342089937843703,220.0472950549522,71.9094201964226,振动异常
77.76308500004987,106.56693728246525,0.8746697119422797,1449.5773008711667,66.2945356218766,13.139272331229161,221.74484265858592,62.17211816063005,过热
93.80657118738084,99.98215807188468,0.7719249882189327,1546.886727442591,71.6241625360366,10.038945326653554,213.2874584181771,67.88681762553331,过热
86.67746120626305,94.96794385893375,1.7199162844397995,1377.8662582624684,68.19277403377995,9.539115447803658,215.14067719139885,64.71527199395177,振动异常
86.51583856976865,113.89037122279892,0.8533636792590804,1426.1465340704967,77.74021911831395,10.23081050323833,220.56691071275029,50.428720050915295,过热
58.99851796472112,98.03405548731244,0.48273727000591804,1519.984397587632,75.799281959987,11.617212574968624,214.55183481328805,57.14382937190985,正常
72.78796729767342,94.0376671605224,1.624751050885818,1398.3920998584279,76.66734709866964,11.041250370831753,208.9607958188576,78.15098574531794,振动异常
71.5271353288264,104.57900564106933,1.1831907600099998,1408.5645962393837,71.05982133566212,9.676178742520287,221.01499817677575,73.52774080640798,振动异常
95.2157230887055,109.96199187363317,1.0436389423508512,1402.003569597884,71.31911612470715,9.773915002613498,210.2853421485811,69.75653122149741,过热
61.69106767615806,89.68031280207157,0.5224451818559972,1524.5487475819125,74.8338500467777,9.592963687073219,214.8373804823623,52.11180230414617,正常
70.677828200903,99.55532263271635,0.51975996046924,1527.811500470033,75.73396505992774,10.604515326355367,214.31157164787592,58.97738994262657,正常
69.75211919093024,99.43867430833082,0.5550052099024552,1458.620488967564,71.79259202388523,10.890198411124787,217.71939586262906,57.67886161032631,正常
85.61725196974173,130.11556551584422,0.7103550767399701,1484.230432501271,67.518460289579,9.490659148032638,207.27074621303666,62.96557377747813,过热
90.10928134914482,103.7234531848181,0.888954761566319,1527.7637837068837,74.76162974989383,12.314301345394192,224.19737615102997,65.2278194057095,过热
60.310874800424386,115.01436650046453,0.539348538542175,1462.160245571527,67.07932028497255,10.472406277880378,219.07737321172075,50.99355529270033,正常
66.87849009172837,105.48841167998751,0.44771399728467315,1492.6498999185756,81.40508180867556,11.238946352939438,219.68904491500345,54.8139879719019,正常
74.26139092254469,83.6861425779192,0.4081348053515802,1431.5098510210462,70.76821672504563,9.026453800295531,214.90167830653942,52.226602035611336,正常
68.55787547917646,119.54925710524205,2.1204678124517473,1350.9613382983448,74.94922651727549,10.495966727247005,218.4160229702921,82.75495441926444,振动异常
62.68291153593769,105.69291902471112,0.4813128355838641,1437.8068382304357,73.54094365542228,8.392440135631025,224.0938882187743,54.64970225261426,正常
85.62514450375718,95.81873016583425,0.6229502627751555,1417.1079821099936,67.70373938234496,9.85099306539052,222.35131883726663,61.74670086315808,过热
58.111653160214544,103.3074792257896,0.569822331361359,1549.8023842902908,65.98430161872028,9.043563623181992,216.8782730514339,56.66965937360128,正常
75.43764989120604,118.11983738573946,0.7004858323229586,1383.8638155726487,71.03621328284703,11.180937301774918,212.60654582058052,60.12596712038579,过热
92.2031887071605,102.77525103221734,0.5300847576896937,1489.2985350533013,69.07035694529073,10.714722202308302,219.32726814848792,68.43176777507267,过热
68.28276804316914,96.6321241534379,0.5447708560017315,1509.1679959889577,81.57457226792023,10.557691060725125,224.62135069768914,51.681119462765096,正常
89.59256976715201,92.60947297473358,0.8290127491918764,1495.6507992586887,79.63135453163194,12.29913597898015,207.9722095892635,67.36703707856233,过热
86.11248318922735,101.0377032189824,1.0606556074632127,1403.5231017988851,71.6212619213325,12.877949154774507,206.3612604177481,64.14870876602048,过热
66.51348549056175,93.39412797851926,1.6512863560152817,1451.567634593214,52.125152827608716,11.820995850330746,212.83214252181736,61.86895907518323,振动异常
66.62041984697397,99.49856722181462,0.43768594735752353,1516.544011610723,77.89816586606788,10.825098264667634,215.41904042259378,53.35519361522477,正常
76.1066845399203,83.75814823378724,1.4418883860585114,1300.8350171135808,73.8915901615209,11.77506850433107,221.31178555599098,82.65843858074825,振动异常
68.57000247046047,101.98576469040269,0.38416353108074575,1514.9646290203245,67.71224250267535,11.533433701296325,216.87161356251895,52.11986111416161,正常
72.0139715546805,94.69900992843323,0.5132969674146876,1496.4750610970455,78.69405240443751,9.980739620265606,221.83740832737152,54.415908111649955,正常
55.40614392350479,102.16365460623871,0.46922217650469994,1498.7486520627428,80.53540334643486,9.455885997885808,222.40933030859244,53.39399473895133,正常
65.55461294854933,110.94905246025878,0.6453384477117701,1493.5089650133286,80.40024032857325,10.183849544753695,222.57127378008917,60.11231654876647,正常
57.68242525933941,104.31128034947727,0.5648709887589642,1495.055517340443,84.69464499529143,9.92423571346454,224.0660259337399,66.77871311930897,正常
60.53274499949166,103.48573440687741,1.140082420472936,1370.1305259997532,65.51220017842749,11.432442459085832,219.10982345043894,74.26425227037562,振动异常
71.53571377141213,90.96234516273906,0.5872457328280145,1500.1523010076708,74.15589138404995,10.050887701856018,213.70747544662333,53.60051386231541,正常
60.580712818994336,97.84100051765303,0.6797686526849522,1432.6436855235152,73.4047303216669,10.425887206193035,216.96649852617352,55.773257620428254,正常
56.93642064405174,110.76336036923982,0.7142270358611864,1458.0395166330497,71.7499870958827,9.818775826781897,227.05229572601752,58.46170220276724,正常
57.24668284466934,105.108739670219,0.44448004733068014,1576.5375416171848,73.88267008814074,10.438475738809727,222.36816038405726,57.60746377749069,正常
76.7165332707571,87.84743700673076,1.976682098533225,1320.1430193190877,58.6363222904113,10.289310986224622,220.63047619697988,71.58556644051794,振动异常
64.45619925771571,120.48067630615036,0.3610427533236404,1378.787986986353,77.60561214189669,8.47764081378211,224.476777153813,53.62272906934302,正常
72.6083157995722,95.34335196476792,0.4723941885127967,1429.214409639586,77.74674968683743,13.830424344626575,218.97120094187153,65.13102376387018,过热
65.74619800540678,92.69492840055153,1.4338385312530388,1450.1230690669554,68.16769196845235,8.75187043525446,212.97811787336246,70.76842589820241,振动异常
74.15641997510168,116.94592220513731,0.9646559831355411,1496.1303805581338,60.98184129737761,13.793220976238219,216.75441869760348,66.92101036002948,过热
98.41114421766562,113.15501022444262,0.6856507916087877,1533.607271651466,75.57294538583554,10.417365947734957,208.558625986057,67.55078734457592,过热
67.56633716556678,107.0531180555956,0.6108703580582908,1392.355470352376,73.70547513147962,11.452467534470745,210.40163421901173,56.148966954222786,正常
57.868968871589004,106.00238442309025,1.5238720604826497,1389.7162965398434,67.20070006923478,9.114617178658541,211.13996605349683,67.56690927592193,振动异常
62.57318226085448,103.84807385389371,0.46796526918056797,1576.4234213206266,73.94434880586152,12.099721789166516,222.2864020230762,53.646523424773,正常
63.423653776798275,119.56601583693461,0.6735963803165249,1467.824088480993,73.65734676047084,9.529957852240498,222.99397194780954,53.24920202096199,正常
69.11272456051594,112.01885641676823,0.4965315112613219,1459.8162716015136,73.3261233394673,11.06020990749888,221.1265396102047,54.269848061874946,正常
68.7364680256163,94.36525047565793,0.7088374704780728,1459.0900558288847,80.86562318793321,9.616028728047649,230.06135222850384,59.94844268297176,正常
68.14814420961807,98.52078290845608,0.5346488475897992,1529.6263474600592,73.5225984098542,8.496919698240182,226.64466659767706,56.739571855885394,正常
69.36497525439232,98.76066628233795,1.3184531293182007,1343.0830244733036,61.123042365172815,8.280737487020861,219.58552858164404,86.59056086670172,振动异常
66.92658689864419,95.91986880916203,0.4718899707114045,1509.2340152932454,71.2401533413059,9.33801782220339,208.76555333007698,55.23244155555659,正常
61.20433669223151,104.47832358344832,0.40103718634296626,1521.4408250165286,79.76562522688043,10.032796995411587,217.56398539402537,52.65940261264761,正常
73.81741415451744,93.23719091169639,1.8486778792517,1451.094171190424,60.50820758598025,11.971513323166263,212.77563337013754,80.87581396000974,振动异常
55.201649380601125,88.95918833428087,0.4001645959261209,1472.3205879146003,77.11799532796731,9.491036374292502,224.13023585720754,59.87787674608619,正常
76.3975008556061,124.35154040060229,0.7369826537611783,1510.0979095125135,65.80826854743339,9.70924821511553,228.4190167024439,64.0090216181014,过热
61.61538999847021,92.11419162931566,0.4362612872693482,1400.3132178714272,75.97192150788668,9.341883510924744,219.66410854975322,51.68541162081244,正常
102.32044854245282,126.24771403016962,0.7699359079456256,1531.7537711627472,73.67009180786802,12.235691878486412,216.67576066918218,66.39541929172593,过热
60.50792664325821,103.43694575306068,0.5105375506145959,1446.3930494007197,79.0020476261384,8.153812137761907,222.97514732917782,53.770940222111506,正常
73.80695614415123,111.302647085208,1.5236892137004254,1487.918668595357,66.50956272948083,11.385549764908866,226.0199441465539,75.45393346637455,振动异常
77.14157135698149,109.24393937861012,1.2615832501232223,1482.8991776532698,60.65993897290234,13.691863489880355,217.75243137250774,70.92128322598086,过热
61.34816684141432,86.46028296228144,0.4742623462576655,1515.370334890455,78.54107211628279,9.315370174239996,221.48287772570382,47.53501793976103,正常
55.43359877671101,110.22141457518808,0.5196554776511575,1544.746218847222,74.610814014936,9.060096898891135,215.4124858949287,54.036271701646264,正常
60.80139078909612,101.42160800746603,0.5179894151153478,1510.0284598615472,70.14171632729357,9.03624107378939,224.37258537066262,57.935266336084105,正常
94.36158967357284,114.778155496862,0.8146393982003389,1507.0009497201788,69.8213000330666,11.10234362912843,211.31064214372304,68.4638451592443,过热
75.76591228755778,104.97447969773756,0.4246035411133324,1523.3214991216764,74.90645621777051,11.117398815902462,217.54423126428946,51.99334894321983,正常
83.05854978550373,119.51001438131337,0.9042559810027629,1523.8133305390472,81.83015839362565,12.287846603809554,230.56156059421545,67.47902510513785,过热
74.96061865598166,92.23695583461664,0.8740122230537911,1472.7860581624539,70.67092042228725,11.479046566563236,212.81964222910554,58.89839655028012,过热
90.43145032047423,93.88419750486449,1.0857715415627136,1433.2004018875311,68.91130395051155,10.58940162527347,218.28440068262094,60.65869519200834,过热
59.96991309250149,101.36692350502354,0.6633431532301096,1481.3896611964474,85.37041334874986,9.994403981170953,229.81293595265396,54.581808398010295,正常
67.69086242885213,96.34268765885118,0.9578875815204552,1397.6626875316813,66.36933296265153,10.465219636364006,218.55426074983956,59.1442841140903,振动异常
75.75647173710924,105.35153310287883,1.6620863832107087,1279.770351305409,56.66538882192553,9.681146298134152,215.935411830426,74.15127491726864,振动异常
92.01164516402349,104.35815838711181,1.04584295685941,1396.5809291188077,60.530156696089456,13.459652341522608,219.42711186459542,61.50252389916179,过热
77.43594496045814,104.51911492669227,0.8665215020648396,1492.632946137867,68.46063146122266,12.189401604351103,223.61478515726145,71.36285081464285,过热
74.48396491326974,91.93530951266077,0.6800940432910816,1453.3366020463402,74.12057093783832,8.742422141085385,223.25568120911828,53.28894590075896,正常
63.55670680539931,101.47868898955899,0.7252435805344308,1459.8410524659828,90.68874266829997,10.143388467342252,216.20858965556204,55.32822541549891,正常
60.89658840824145,97.39181174265727,0.5709003757588512,1451.3465529559223,66.99017094051416,11.140149038521267,221.2769187783716,51.83032707171924,正常
71.18615656936527,101.07494208757363,1.3599723564145678,1536.3673674637903,69.08351936411711,11.734798656803015,215.82121011909754,96.1030540180816,振动异常
67.78201635174595,112.4682047575956,1.3356284087379195,1419.9534150148033,75.01612537831757,10.162737315322106,224.58332114963864,82.75015916545082,振动异常
84.39467516539335,90.20555776860276,0.7518669650939575,1495.0659672704387,57.44164757678875,11.200911752674644,197.6274287619164,66.32134135822818,过热
93.21589010655785,92.77104980444436,0.565553249312672,1382.5903580056242,68.49055407949338,12.296875001013113,221.27202223448597,60.10750227066697,过热
59.61127611035347,98.99370463920282,0.5120031326718262,1444.8395817139158,82.05466189873135,9.399576434261295,223.48951636269513,56.347656163855106,正常
61.0790454440913,98.41471299469836,1.244501347699682,1197.458454699935,72.09158446225233,7.5205833441578225,212.83545918978908,81.85580429586228,振动异常
66.23326545447179,91.10491252450396,1.3533341642868926,1421.8494747434916,71.4355273746424,11.40554666497403,217.02827109835204,68.4329686207225,振动异常
83.67494871745895,104.67719388950529,0.4062153715167834,1413.3168851566822,70.69721355032279,13.07380911703644,212.59627241023438,66.4748572785441,过热
62.91160641181695,106.3310498855245,1.593447257639337,1436.7195201339432,65.45444626270283,9.595663152323871,215.85053373255496,63.52955340857268,振动异常
67.1508454797983,94.18498961909883,2.1067770691708443,1383.7231087135756,65.29941455113618,10.24227556702018,221.58859493028478,72.34918160729721,振动异常
60.402878828830985,94.78531113758272,0.5440014450053332,1507.4333728601055,78.99970950971024,9.645959289058975,217.9131659319746,57.62814037758938,正常
65.93227157384713,100.58654373750723,0.353562511979018,1580.3672788009997,75.54279852888261,9.046060580603354,224.7065529038374,55.511391312989716,正常
63.67671583381022,88.17131003376127,0.34160971765142767,1469.7192230131568,72.8534888774137,12.02360621922964,221.4031820224507,56.63043813601028,正常
67.0085586104947,99.2315208022028,0.3354601253043108,1544.2022698180524,78.22607792975029,11.112688374989926,216.84211135417334,52.916198892510565,正常
65.56758672625624,105.77337651234588,0.4651347865592141,1536.1190678913886,79.8242581654873,8.274193271209404,223.39571387719099,58.60159497542162,正常
86.07437197798234,83.94353058159675,0.7699514022403481,1464.580283323264,59.95525883552994,10.550118163522027,221.05251739930512,70.52916533147356,过热
69.28199397161737,96.17874042587907,0.2958265131575709,1466.1142315123948,75.57513039573709,10.462172666081942,217.71349172456604,56.80635496117745,正常
86.85156738020459,100.45452281256556,0.7715706926118908,1458.3932339703476,64.86460520953723,10.318134389858413,215.85955499472715,60.71915079669125,过热
60.92094857517281,113.41149849820226,0.4318948342525119,1585.5854240071171,83.47525520215376,9.924048976357478,212.75704292683227,54.794097861743595,正常
63.87111849756732,114.04272673954563,0.640934744018558,1515.4910355113514,67.80861010841316,10.277376937958191,225.84794996213887,57.53547391355296,正常
64.82319821895796,97.80168622396157,1.0323639014928476,1541.4535434447826,80.97727700669128,9.806773921242952,227.19724013381787,80.13840988008941,振动异常
71.95670744668166,98.07905289408333,1.447411641028796,1338.8650570689722,77.27024248446172,11.26275669902717,219.1976625104167,71.18758861424607,振动异常
77.20689261076708,101.53370704085872,1.5768511817082835,1505.2406632752084,77.15989030085535,11.123500868627884,229.211619314978,71.45389228145677,振动异常
65.06500945938953,101.88491646486852,0.45476936807509233,1466.5463630670042,71.94115454547358,8.39233897288194,227.3208861937622,58.791120032964,正常
70.68436362241385,104.20248011366903,1.559518055153246,1331.4921185375038,66.86427063085017,8.897147485830804,227.18200738612646,71.06750448784857,振动异常
88.20385109205063,107.24339656778082,0.932940549066622,1570.9165066276385,77.91825903543563,10.991271605990496,226.6169415934605,70.14706550477663,过热
65.12255087129472,105.6620154836438,0.5758928589786765,1539.7132339810914,77.96778361140431,9.844101822063333,218.9707028455983,52.162761817909654,正常
68.94784587350871,85.3618439036457,1.556542728305431,1420.7015844195137,72.78633751556484,11.487267346913697,212.7620661986639,79.86272270988007,振动异常
57.60739004816286,89.56424399596118,0.5166452208213056,1467.5361227466997,69.6880323592656,9.1775800676178,217.48512614724328,55.65032669128789,正常
65.43523534119086,104.61245570444613,0.44823887009638286,1615.9664769990848,81.08579260412748,10.615771149771142,218.84566813077615,52.19048087563121,正常
72.96269257139461,97.64095054623459,1.2584714456908475,1451.0084649784967,75.9971619502932,12.509142867631232,220.8835205505663,65.08329589979978,振动异常
63.17630951163511,95.86085014735114,1.6197952805157392,1470.093914535446,70.6521083638982,9.989814041758217,224.56507728512887,64.56328444959622,振动异常
80.24950873545036,86.59922255494247,0.6615499341468207,1415.161101846763,77.94099743375574,12.606319297915999,214.36489260475437,62.32621664577839,过热
95.9642891519737,109.25843658629829,0.40435495012503797,1447.3064181926477,60.88894361055205,11.991659559527895,225.04322887567918,60.563352705721144,过热
63.44740845238775,91.81956191297034,1.8607729515675682,1494.7189954557512,62.94461813200256,12.733294634066105,207.83015936890033,75.42021094572253,振动异常
91.64153449490088,106.26177903661967,1.0163969618499884,1331.8897471937169,68.22069268581714,7.718060005643413,211.92045689271936,67.44627267538164,过热
72.93008408072676,95.80383786976181,0.46783649487826173,1586.3481925616702,68.82825564060039,11.194109403047372,218.35276106826456,49.09879088923854,正常
72.38402814247202,115.68379333694017,0.9172331600785567,1348.6490177219644,74.37479309225849,12.772325394114558,210.09129915709764,63.67197719856947,过热
65.85684140594985,99.73844201524726,0.5674819492166604,1489.820981994882,82.06110277707714,9.590717561886896,226.90727039345242,50.450072351737624,正常
66.30527636089944,98.47729057533114,0.5146713686433323,1485.4862727905675,71.61127514737575,8.928142766959844,218.60119915752082,60.17408994928333,正常
67.36916460455893,96.53953449744303,0.5456753219153784,1519.5902002701273,79.76437273601469,9.682284903243765,220.0168775329858,54.29033413834316,正常
64.4263177926655,113.35217220231515,0.454111573713106,1558.6736928742662,65.5907547725118,10.584412980472484,218.90977052303813,55.4709188829053,正常
63.56137301616219,96.88142800553807,1.4175593085741935,1562.8698828145434,67.31287681068451,10.278648136797385,218.38189436897912,71.54163856714136,振动异常
100.52973949170999,91.6327456112407,0.5484263688182225,1406.2923026991793,68.20271835069124,12.740340306501437,205.74867346604915,64.21126508384258,过热
67.5751763360433,93.80968640717141,0.5895193220027732,1428.9094666629078,76.33563325505742,11.484116028535965,216.97627667730893,56.458108868252914,正常
63.88268607337075,101.45493004046796,0.49963974609094314,1537.1047686004654,75.41219876467251,7.788138088670493,225.4823461690544,50.035337691315114,正常
55.23956100238749,105.7039874413791,0.543004164719107,1546.6295415936545,76.40080579409803,10.462060893251897,221.5807797859139,55.92999694949666,正常
85.6367828990083,116.53590343316925,1.038341499421413,1358.0379664066043,69.66991837019305,11.89781486224807,203.84403944912592,69.30718262816403,过热
62.04214305582085,114.03835345587491,0.39465844368263436,1547.7652604285256,69.36616265545098,9.816803381279612,220.1195152164248,56.71717093352703,正常
76.57329283336755,93.67620435643751,0.55228354880355,1526.9148039524816,74.34371516453848,9.641659847978778,223.52253269912362,58.600785249216486,正常
69.06262911197099,99.10137560247337,0.4387211309515614,1508.468041201804,81.48497273280555,10.265362349399629,224.34578032194636,56.2258219231053,正常
74.75635543198027,127.72434720446881,0.8843092167073123,1391.7925443772215,67.14371507350347,9.65544854014312,210.57528146468695,61.60384673403522,过热
68.256956256529,90.99608762161299,0.4310812181910432,1608.2501172450543,79.48419657932766,9.54790966716692,219.9673934238527,50.808645444661025,正常
66.80697802754207,97.79958642278685,0.4823052772505951,1554.5655060297136,73.80533950415153,10.96539748459117,225.36489023883007,53.088076758913616,正常
88.80134197196305,93.26120035591028,0.916547516634773,1429.8167832753318,65.42688366692663,13.55445433810872,224.15434454847951,49.147871320609724,过热
60.87251401603744,102.048237874511,0.6189470488924641,1525.6800053284858,76.26869830747287,10.50066572138121,218.32431109414273,57.85464931172213,正常
67.62411066726906,118.49377848247974,2.3806973706983334,1385.792320419301,82.01135341792886,10.283726258321634,216.09343463589562,79.1660489628697,振动异常
87.27000818929201,87.23988245951598,1.1795534033491955,1409.793087972746,67.92814163223538,9.939895666545375,207.79527717971152,66.78126394353042,过热
67.06390463468249,96.73539701582759,0.6440117215449472,1492.0735213486514,70.78376702341905,8.984905808172131,217.9594958041989,54.2234367988905,正常
57.962681128117225,93.95693654117342,0.3559949117405705,1515.0895949909734,74.85368593157511,9.137224235956879,214.24492958190245,52.86347840747187,正常
85.24025183331266,78.96862912172702,0.7212940288060543,1460.5321737747158,67.8108019523337,9.732174870655179,217.28642629435785,62.11790211832578,过热
64.35196314237606,99.80760583804138,1.3770596268619402,1386.4118113857814,60.76722051188243,12.52527839120844,228.24397885735533,71.77369766471249,振动异常
69.770008817466,102.23974901055857,0.7075260872625265,1522.7943886040803,83.06110314127713,10.88233306232341,218.9925423302624,51.13850929424725,正常
76.59887408318284,98.92645566787789,0.5254281097037872,1426.0060562721317,85.01961952848326,8.412065693530465,225.95760886123347,62.73181806204158,过热
67.36796215317591,90.31187040190035,0.28011940433799176,1574.5363068424977,73.48410108582863,10.591814133741378,215.40656744256952,57.86590167471326,正常
71.1890815598673,100.23804911596596,0.6364140429973845,1463.5998529385433,71.27548677596775,10.06934433703625,221.5055366959587,56.31193956111688,正常
67.9701272446815,106.23078201656182,1.208415208028749,1435.629884678695,69.1355357628432,11.513897737186545,217.88131347156613,71.40469788333364,过热
57.87625906893272,107.77256760763484,0.4637161439560341,1520.6899548725748,71.65927957230502,8.691179600880888,219.7826152509307,50.784430459589274,正常
71.01854221174248,87.82839143463785,1.4175464097990624,1462.009209727127,75.97241081536089,13.464582428103915,208.61226723598517,63.00655038433841,振动异常
74.32887255572378,96.09915020742005,0.5342725346377704,1472.6877775873759,74.31275742686154,9.624803619676063,206.82126130491562,57.79657469278116,正常
71.52357448078506,92.83309392244762,1.1838493513906962,1535.1351146921343,72.36850209355171,9.41494597354722,215.09444988841503,67.5928807688708,振动异常
60.81220142469643,99.96793376081568,1.324075455333368,1552.0214739448772,61.37221782145804,9.801870976547939,223.78493530503187,91.46248941678209,振动异常
62.75338610996049,116.37960119481258,1.3478974022189834,1241.9229360086704,67.71791252928206,11.21138054226523,219.1660007800294,65.42667526172484,振动异常
63.90164056081244,98.97665926815387,0.7526932425873623,1506.677045239114,77.01865045168304,10.000527958856598,216.97069589620554,48.285306300025084,正常
74.99822327401552,105.45252933403978,1.7916170897219166,1460.4532670995452,75.323542837089,11.865196343486764,218.65742948046716,70.1607458885746,振动异常
66.50773671166806,106.04312980660605,0.5279021525770339,1434.408188382492,74.54733358847919,9.486786433528415,221.63939762079679,60.54582649988923,正常
57.8206892441028,83.4128781407348,0.5477040827223122,1469.510854784031,73.92539484855632,9.512771435886448,222.91013283542364,60.10754397438882,正常
76.78904633867286,113.79417041137403,0.8643357082753,1414.1815427967356,74.2878576735887,14.92251396718472,200.43131144564404,65.0080951567847,过热
80.80441490989878,107.07802507353314,0.7431689804142406,1442.5762632235098,76.17700798295573,11.277351043359786,199.40350625796506,50.812467793013106,过热
65.8728890641592,93.08807384256147,0.5746253566027221,1499.54405016779,84.49940967447608,10.638391925608383,226.22339790368395,51.609791982878924,正常
65.06296200390898,114.16640508508408,0.5563909120052359,1525.796960885205,74.24363358173244,8.292642042407053,222.27370456070568,55.4741604697604,正常
61.991466938853016,90.5339318986738,0.36555494889657225,1472.1254107496084,77.42366408647237,10.80712259663731,222.823029629468,49.88838523951984,正常
64.89048416683279,93.67416852660583,1.4182769950188938,1410.8450733131767,70.6091153627467,11.606882518967359,224.24572504278675,73.51921880463026,振动异常
80.844829025391,99.68545448640785,0.682814465336449,1480.917659297468,71.63757762481855,8.945669245716095,226.14545006347925,70.51966773350954,过热
62.625273444195216,78.42490685646743,0.5652322878413419,1473.569165912512,81.3285392043235,9.101215951676872,218.14745950704986,58.47722219486769,正常
64.58330135304733,85.47237457143441,1.051152356050605,1369.6992130717526,72.32153366988034,9.32110588617863,217.02377779058546,79.04446282572006,振动异常
63.815906966299956,105.80613299118954,0.4516114165945678,1513.4296139431628,71.4042334037879,9.933867385374178,220.4099777820678,46.50353320566829,正常
60.80391238388681,99.14375712036353,0.41676444268957713,1583.6286193418853,75.84230488134807,9.523779126455342,217.0997337931498,52.84624332775719,正常
60.36848599332366,96.79237810390768,1.302993196311776,1495.6425110469368,72.76205989838954,10.71809087417483,216.7580924654098,83.8106413191164,振动异常
65.6487394076788,107.25892092281133,1.4373994886338604,1456.2514033776004,69.8215410999036,10.91573556617886,214.472862170552,73.22720244491968,振动异常
94.49387696141865,105.18819049740598,0.832097924794696,1406.5605800954434,77.77192313443105,11.86244096378231,202.58790200752856,66.23041807658204,过热
68.87317026714669,98.84511670460846,0.4629385667913894,1533.659067563498,76.30160919385611,10.198948146796495,222.7662560999239,53.81295786473121,正常
75.54500699663359,117.20821298813048,0.5128180952262945,1365.0839684845487,78.87618086485239,12.066538196273411,205.50405289355405,61.95824617660331,过热
61.23131917821255,97.18789212766953,0.3569224897881952,1455.759864298655,77.75742688020233,10.466358374446335,218.82689715021294,55.810172075174265,正常
71.76936187082707,105.452005578981,0.5552489954417148,1602.874773485585,70.5906267438614,8.996042627918502,211.07066754032945,49.35054937582425,正常
70.16232630275573,91.14779273006664,0.5260673765823907,1630.0841557090198,79.59577086805001,9.987911052153946,225.15290292812028,52.64873943662671,正常
66.61359280169044,93.13313775855029,0.5981765486991595,1574.634428447976,80.28028404533026,8.223764767101681,214.34692332531236,58.98592248474469,正常
65.98430617934562,99.55561840882704,0.4786011155774491,1581.4198311564269,69.66233542872864,8.230924095110883,211.9671144963066,54.522864368799844,正常
75.77334077435404,107.32786742940164,0.8644164621533972,1406.1020956654884,72.07697186126211,12.461105354579532,206.43846749684533,58.65000701303062,过热
64.2647130924893,103.78077985930435,0.5964087168288357,1420.2648466366602,67.48514835802423,10.575205016106565,217.34514551094017,56.329006391342126,正常
93.05955178556158,110.73744421004413,0.7321755441459923,1524.25922545072,75.10167909449022,14.152631098833353,224.38753821305957,67.61611592868516,过热
67.06465727137812,113.32379555570061,0.5597400069849858,1441.5041582144856,80.42893162469673,10.007063158628176,227.77080210357389,56.42041569710568,正常
75.922484058703,79.05725444852887,1.587289419041233,1369.4038081864567,68.82130554269003,10.022292796611742,231.07137304394996,75.09778838732136,振动异常
63.36168926701116,93.10972638937389,0.6169295590445673,1541.9245387225822,68.27010159876626,8.86116688221923,227.21816001734408,55.646189516368864,正常
76.2434863112687,99.22332110496514,1.6977163031740259,1436.049043954511,67.60724725827706,12.67094712977968,219.92129946769296,76.48670103122203,振动异常
86.56905167219126,110.02744807490815,0.999116302800406,1561.3301988876558,68.35412192775917,11.970189546947532,211.09835701641003,70.03578600298334,过热
72.69018283232984,81.58463068211532,0.4201702755461546,1530.456906045359,73.16587794092656,11.236130721806218,231.81936247309682,56.375160110654456,正常
63.073432015691196,110.17244075995328,0.5850221742113493,1478.1270849838295,70.97064966751906,10.46259129285395,218.68275891958876,54.25441414577665,正常
62.003036772779886,89.3172451303192,0.6392002286344599,1557.4318674714357,68.10190917605534,9.042849085104956,216.75117386575866,56.56642763780181,正常
75.3799422106321,104.56047075113405,1.2595417229686374,1371.7051392346395,79.88418814980275,9.103275271028997,214.57289615549487,71.44154529463607,振动异常
82.3590392482684,120.30195198863352,1.2970379833357784,1318.2323307340032,77.15750923406134,11.313550125993578,218.36559704814783,61.019315984067525,过热
57.75957829251338,101.49413411581662,0.3903724913104798,1450.0807280405854,76.88550196951093,9.521162543991595,221.20660967458392,52.877122315533924,正常
65.09753074771936,102.86543220649561,0.967893700903681,1484.9542791285282,80.52302572362638,11.354536020068036,207.3394483598783,66.21545863830349,过热
77.6698071954902,97.82983850872064,0.7870622789934963,1405.6377155524578,69.32433771683304,8.967302040057078,221.76642298050342,69.11391390417,过热
63.911593983863895,101.68813973762094,0.4809317599236653,1442.9155442933247,83.66257499742545,9.679332374442808,215.90785667029,51.514648468262905,正常
76.16069540108188,96.02297492884136,2.2763726920592053,1430.5387335170008,70.32204470715439,11.249987010350711,208.94866419072287,80.93457835512102,振动异常
72.02546748966125,91.09822365795902,1.7088968586240971,1224.449402414398,69.26522604705463,11.045050209784186,219.3982577091769,72.2258273858663,振动异常
60.908896583832636,89.2145166231543,0.5638730222029185,1488.6757950575084,69.63628487130097,10.457772866151887,214.705462064717,56.47362299623599,正常
68.90911435888655,93.62483795623619,0.39299152336738474,1425.7551015775048,76.19184491367392,11.489863438602082,222.16479912680347,51.556925830553,正常
75.94901466608836,99.40453256719962,0.40114088928490826,1463.2704211600976,71.13561166088195,9.586534838876723,219.69117900069935,57.92593737543394,正常
66.22483285554361,95.00145137843457,0.48499444129674735,1583.0629607273936,76.34563470622554,10.4920188479928,220.21757334321734,54.70271709927619,正常
90.88497597796598,99.4988471706346,0.9385711511635624,1374.130095582702,71.52559594881266,12.068237214496127,216.60367705130983,65.27931969922248,过热
67.52493639490228,97.92326918909116,0.6078680833431296,1509.0510779351853,72.25637546129519,11.976440584515485,215.76183035690457,53.240406191308196,正常
71.33455574593312,100.11143433530357,0.49744459290085546,1537.6670810552266,81.96232650032164,10.8868873900973,214.54033049802342,53.3333596615394,正常
63.82923312638332,96.39947622816605,0.45655037725676845,1502.4430035162852,72.58628238908983,8.106385333046214,228.36726045149268,54.71360725873278,正常
88.66534491830959,103.86871947484259,0.8554716923929352,1517.0100265317972,68.10103868701538,12.887163227627783,210.69883393776146,61.672888509352696,过热
70.33762714455193,96.8760180318494,1.682620676737325,1292.1458363658007,70.20433352754897,11.287829295019156,227.54840220657684,82.25235325687972,振动异常
57.42576387657068,93.15132939272907,0.502688583899453,1462.3291064826908,81.70225223011572,10.58855326977072,219.68237712692323,62.23503002673526,正常
61.08373353831882,93.11669307772839,0.39787671828692867,1469.329866822953,69.73158790426822,10.101856295261987,224.87908359672355,53.188058122092315,正常
72.26767038578659,106.16692155109574,0.2576120673371043,1551.9952343698037,74.81481601475794,10.184740578895724,224.98429386732903,52.46105206760279,正常
61.83557869084393,100.23492628264295,1.757369647587403,1413.2322928239764,70.40859203572526,10.817639141220754,211.19947389024426,82.67053045174139,振动异常
58.84567841783022,95.38486504381481,0.44359213692632715,1508.5208111187744,83.55306686290963,8.53247473424756,220.27467055499923,53.822586681817384,正常
66.04431797502377,113.02892436457033,0.6550500492814078,1583.8850407038221,70.22438710325324,10.392415967178767,219.34263702164165,60.71240976871902,正常
68.45416964003056,82.76956251521004,1.247270210962102,1349.341488262802,66.08317600297372,9.564130485659977,225.3108812892301,67.48606767454395,振动异常
69.84322495266444,111.83955311112021,0.5507274031107298,1624.6499758716395,72.62548171688738,10.300474359610828,216.55136112967912,48.6083005605784,正常
71.50124522311432,97.43236022984074,0.7977815992102796,1563.426441109347,74.878962212201,10.763081624347858,228.75232490273456,68.34420065273109,过热
72.63416170647413,123.57702343537733,0.6343607454069531,1541.68188156327,72.01372761686102,10.269461577990212,222.56169227689188,64.75059922935941,过热
79.3022338908076,101.23699275075003,0.3827044683257831,1485.480954505504,74.69181458708717,14.136743731870421,204.33497316177755,60.294886496668106,过热
60.95753198553406,93.94919403772558,0.5681891489626312,1460.7005269746026,69.10480104420098,9.449463150508416,217.25221432045709,46.757485471824296,正常
57.403150170229935,120.58687842599889,0.444969484615458,1528.2754822815773,80.0029115902149,8.74760655558688,216.7108272307393,60.20480972751042,正常
71.79472529985381,106.60665501882211,1.9856362918982604,1209.2554568971404,66.0506267409766,9.225467451384457,217.4293301137954,70.24631302094667,振动异常
62.3632205480841,93.46787342983055,1.9089686925396752,1487.0168340926293,74.3850427071776,12.021348918056285,224.81568707566294,73.02931775056122,振动异常
69.06758608684835,108.05034247371552,0.5243800713771198,1480.5911590729386,79.75153795986787,8.760892924346098,213.77141311776808,50.0815475124237,正常
75.77319591523232,103.16849528946705,0.986625614468214,1475.760449368104,71.20698386613377,10.523017822729106,197.6425806581944,65.631570997416,过热
59.59957566090195,92.0686465260022,1.7312406659963913,1476.1969576428935,70.69253650920218,13.677798693233298,223.73481647067487,74.63901687740758,振动异常
59.16777756183925,102.94714867661234,1.6294894888912792,1321.6059540174203,72.15606931552139,11.536378060411822,220.0248924483584,73.62661076860174,振动异常
69.2882981160101,92.19301397618133,0.4361038252310498,1456.100870662172,70.47133849568691,10.683569323200478,217.67097215440918,46.27903534203507,正常
68.01888636143796,102.31556793201447,1.346239766806035,1315.5488408161123,74.05542731829743,12.472441516458646,224.53942975454498,80.52728765913754,振动异常
75.51879694860946,90.32997821302408,1.612636757288176,1432.5297627378138,61.36829086489601,11.030462333566726,212.69768515585363,66.69606916008615,振动异常
68.1417275463214,93.7735621967815,0.532876241030348,1444.0191283355493,84.79173727110297,10.849102110743145,217.57347082316065,53.76552056631346,正常
65.02080958710819,88.73024952700757,1.4612897654610648,1315.9023976173999,76.81608361596658,10.788639795738826,232.0269664723298,68.515770961427,振动异常
61.99680655040598,108.46739589479671,0.4579813182904143,1548.1939558397455,75.33927755263701,10.209659415274626,225.6217667993525,57.85434783117426,正常
61.61419144243944,86.37933116609727,0.545353430151398,1492.6198706850666,74.47025822847932,9.64297079919339,215.60092823248974,59.484814682359705,正常
60.714212217918586,96.67769668879359,0.5425457561784964,1475.604429592715,74.58447213685653,9.642554577189573,221.94579597833965,58.8170605003203,正常
70.79055436750033,100.14747146452315,0.5302635465239033,1594.2293152967304,62.348562386268355,8.908299123860687,225.05731517704177,49.27193173747812,正常
65.22785919951907,98.73593681136809,0.5399223122605279,1543.0236744179872,79.76568316956623,8.029896182288164,220.98646132815603,56.3605261376634,正常
68.05185132716733,88.73230962909152,0.4860410371844826,1499.8312771294525,76.84821096099047,10.250200206251694,225.1185477305349,58.21183167993756,正常
64.90743432003805,103.94654320704711,0.4311849654822276,1545.6792313116625,64.32162893010653,9.630722860753798,220.97512492014064,51.28772008533228,正常
96.49068324564783,93.28345652682438,1.2425062078794484,1438.2765789293785,70.57792817992423,10.668345732692188,220.29641467806778,60.98859986430228,过热
69.11030079997245,83.69500371857717,0.432360769794073,1498.6347730245034,85.85471358748907,9.189142488789662,215.02092302604885,56.05751490507064,正常
80.48842009553405,92.06492374795904,0.6898896136583025,1325.0740778086608,74.15685478528275,11.393457010964966,224.54490356680822,63.47194692923098,过热
68.50703087415718,88.71230344537538,1.371345622318178,1477.112554726069,72.29467751501886,10.869171896043843,224.42909561348623,63.591855063036384,振动异常
67.85445255346583,105.23492525083246,0.6317394065634325,1566.409707092453,72.58469474158281,8.749592266030282,223.25760995669754,54.71909143378249,正常
69.13591624518011,82.31091752793692,0.31104592690544686,1489.5338161424067,68.39988744389647,12.089538721694773,214.44016487112918,55.31726137381444,正常
63.877915401803016,94.98280326318776,1.581726418996083,1487.2146776816357,70.05153876996496,10.598236415066598,215.8083148507767,73.73729992127792,振动异常
84.38045231419206,102.0251779912615,1.0003649707363875,1426.1682810312407,62.7431806905426,9.386667461047088,210.22870873624896,65.07591471270217,过热
59.04348251398676,103.15561713902638,0.5569767280232204,1426.0544215612936,83.06139128994323,11.281643795003768,221.63910586421542,58.40686044154883,正常
86.42200085014426,115.74318012715561,1.0607015863869518,1336.6210424742308,70.52169958491271,12.048610520010204,205.16653121759668,63.73618372451907,过热
72.2557180389752,105.05926191244417,0.5104201103951876,1514.6778966083314,78.27950388264881,10.160018225852788,219.11612918442108,51.048604240160245,正常
62.16851135198614,100.38467957329105,0.537721187506452,1492.7956222139192,79.04028899140573,11.114321694668872,223.03425296607836,55.64413954951158,正常
103.56032577613807,82.83181160645935,0.7787325994937371,1446.4350891236504,65.7611608138387,11.49517111518274,207.81735946859496,65.55899579101694,过热
67.9409311480977,94.88672603857546,1.449263194307155,1297.9453872003414,73.66772358453714,12.208076085472477,222.42942338489698,80.42982455423535,振动异常
90.56162320067199,109.18205755887972,0.809386980412074,1460.9500618359527,76.70153798879164,13.767769034697634,222.56695714947315,68.8589808861783,过热
66.16126848580502,102.03536674640971,0.644376460407326,1537.9577580151324,65.84683551571771,10.230700905718683,221.9480708868545,59.56301868147814,正常
90.77183459005875,99.67831436872811,0.9789294375147746,1378.9581665066464,71.47145253582556,9.294205811156452,197.25321791959135,64.47090621251151,过热
69.32877597085061,87.97485637505515,0.4961491530499293,1435.1584026022076,75.46422450570557,8.43575838828895,216.7395555570347,55.67264921287238,正常
87.89328848997613,104.38996028144616,1.070440535773429,1365.5910994301478,80.13950031496789,13.097933253764769,217.12493594538026,62.579407527075915,过热
75.57567306098895,100.9692401093497,0.8222745203680105,1475.2114925736994,63.56662167686228,11.192928362264793,214.51139462918098,54.90036333921932,过热
88.53045721359396,103.88491172857056,0.8517322295710776,1515.4517002362218,76.20420367272351,12.246442148055854,207.97389397741227,58.03632263916502,过热
72.50805422046513,94.89401780071087,0.9206189369897668,1446.155334151077,79.86700498681574,10.831360890934949,214.72859819257673,59.81466963215002,过热
61.696260069033194,98.13058099336389,1.7873796165647051,1258.0824307110297,72.5676983029981,12.634558884422095,214.47730837627913,69.94678780389084,振动异常
62.053176215278945,91.35149337920082,0.572762954363698,1471.7876200671305,72.81807054736716,10.085318142565024,219.80346356186183,54.71662385667399,正常
64.42730077373692,100.22654700904368,0.5223914134064661,1501.0396853837703,74.18466518028119,10.207267329398944,218.2018516377377,53.88304284118623,正常
100.62607310021255,105.5166097685108,0.8035226503867315,1471.7869376646713,76.76291080286289,15.146909008698646,210.4348765583991,66.24774094799038,过热
69.43132972264243,97.87156682345551,1.565340701924618,1401.0434699501561,68.38589521033471,11.199986980831813,226.9885858009267,79.95226357270826,振动异常
67.97578512718457,86.318652858747,0.618703030556038,1529.1048851734308,78.73955128058768,10.778936503512114,217.47126647869032,53.16349924853554,正常
67.41236207621593,118.16554286243516,0.495228864385802,1469.714253849833,78.80027981844802,11.37284847467653,226.11784441209315,55.86617098847507,正常
69.44744149044038,86.88939201419844,1.1780015903331313,1452.4713710230067,69.31732231378064,8.990636647456107,218.69947107207477,72.37754832098781,振动异常
65.24141230501714,83.7599914992817,1.2684777556209652,1387.1664494419722,65.98142196038911,13.008130262747581,213.18680355178893,74.08352458021984,振动异常
65.32140009547732,92.08316143793135,0.50380034781682,1602.810356497016,69.54800461278577,11.419603004513638,227.01684985062596,55.57127166977517,正常
83.29405825230633,101.16048920864375,1.3384278980110127,1408.8709106262734,70.58091193168757,10.435755993457626,224.12021904141253,72.13737653246986,振动异常
74.38085419607943,103.6734406338275,0.47753668500029756,1481.648608045834,77.5808914355748,9.075766855731695,213.51941667875053,57.681093068167336,正常
73.32247865867772,93.9831153628909,1.3140683615238367,1481.8445244201791,65.20855788571042,12.947908028633664,216.16733178534992,63.49271066564353,振动异常
66.80818012523817,95.75599081911578,0.5658544272672831,1463.2235028705118,79.20310013252276,11.42274813609994,223.41664496405534,56.60445200903773,正常
68.89326082350615,95.55816519738532,1.0551046704052744,1311.3510033392904,77.89767848288186,9.825693932013614,223.1264120067243,77.4149870457681,振动异常
67.7354869058502,83.34456473693022,0.4376231039304195,1504.4203443145923,69.03037496800472,10.53450564848055,218.24292882143135,56.35181023858762,正常
62.57882963566874,100.4737474721159,0.4328376632061948,1411.961862042209,71.64689895461677,10.363631882624968,224.27262613533307,52.42968371851962,正常
66.42351951388098,104.5954617363957,2.2145140595197637,1331.8768016176546,72.93131972089247,12.412621955821207,216.71509813573286,65.70347343794974,振动异常
68.95515973521523,86.64475775102903,0.6073631749859772,1502.8324962448553,77.56552899088041,12.412615421612916,220.87605709454257,52.84350283717381,正常
61.89341414553828,102.51516540651909,1.4061994662802928,1442.656585431945,68.479888350042,7.97326649901446,219.38366509259728,63.47214692380065,振动异常
67.60970782808448,102.96916698697046,0.4954413983644502,1431.656065079229,75.94790808299372,9.896745239850953,225.106916477147,54.43931152551404,正常
54.67747394638924,98.14128016361983,1.3328608282283307,1401.25457891773,74.88581821091068,11.583571992020266,223.2602851183167,75.57801638590333,振动异常
62.115481721687985,86.71231253187207,0.40316555451363645,1504.3071941523187,77.1596127233697,11.035249334723753,220.90713310056987,60.48886060514826,正常
62.491214782077314,88.6219703232186,0.6846707325736033,1433.438352322111,80.93839694230782,8.779287574085842,224.297939434899,53.50080947154511,正常
58.69558022832477,114.79164875956276,0.43744372984904706,1515.4416506299483,71.76886345078098,9.872450879622466,215.4612190992654,50.884978908308604,正常
66.76623287814051,102.82772509902209,1.628344318545871,1533.5938225123712,63.05195395289824,11.92568215388452,217.72442702755905,74.09066648734851,振动异常
61.74199826197091,96.58495144042064,0.564719593970274,1470.846128071553,76.43562082600913,10.892597338299309,221.55654336721443,52.053117897235964,正常
74.07340675667649,111.78946987762232,0.7084303227635022,1524.9702940423695,71.66447730886672,9.508374876649242,216.7334649517143,61.045591041527175,过热
90.76908290036465,94.39394933603398,0.964031637351097,1361.384504348086,71.13057252551141,10.380395518086228,219.35376281872277,59.72446162259775,过热
72.20636644533057,109.96868153998103,0.49530794211208157,1559.8315743322826,69.47147665757032,10.347676483538336,216.51614090785213,51.192008510359905,正常
77.65712399465583,102.54518979446391,1.909012954061502,1434.267364052858,66.51629233599672,9.998978181520851,208.71319066214582,80.59052536224381,振动异常
68.45071995855557,109.19418661028541,0.6022570432009641,1536.8421948546218,77.77802233001724,9.370736606307212,221.2658261901899,51.53691199530105,正常
98.02774843817858,108.13132140013155,0.7636993675728666,1504.8084239210443,56.21561917902562,12.040970069777158,219.67451333148247,63.57452871478993,过热
99.08950499893899,110.0024046943657,0.8848133723036903,1485.154252069879,70.79788453323502,11.704617288004666,220.262105409203,69.77634618603602,过热
86.0485214897268,114.04017554761315,0.6894158325265396,1527.438667655353,67.72816063644646,12.33490625388039,215.11319411972607,68.98350963535371,过热
68.40976485647482,100.91382118929631,0.7403415585238275,1575.6724871621066,71.0610812404588,10.838940500469612,223.12754008415519,54.41719260406444,正常
66.53649760438304,89.99109138891758,0.30017993154678924,1560.418311529657,82.99323585252358,11.40159859294643,213.43890403284297,56.750632909035666,正常
71.86711094987174,101.60212269974097,1.422809999814663,1361.310628835565,67.59755851209874,9.927504777099543,212.6278737580448,59.421260206873484,振动异常
66.0875101085232,100.45709645744947,1.4861216348200972,1316.3576411460758,70.20601414174287,10.024945075853617,218.86055940114497,82.18687654677589,振动异常
64.86743062275391,99.59809512440691,0.521915032766394,1540.8883149600144,74.39809418023201,9.837207093927706,222.73632398688983,56.07536085462886,正常
71.52435019883607,95.68141563040105,1.825259473213063,1460.2735570801945,64.6305278121979,11.77294852142013,213.4290519700469,71.89699374510025,振动异常
86.48140429463932,109.914294527202,0.6352129026056001,1366.6874467701273,66.8190383702104,12.365485835554072,218.89844189635997,63.92019739824884,过热
62.671351232148716,91.00286326529705,0.4560268941725825,1465.3547401102046,67.18404595651671,9.237275221433785,227.68965959206275,53.09332647578679,正常
69.58930973527389,109.01252023638206,0.5395803533437409,1585.110747231762,83.87655446304755,11.511154930247347,227.59641961820884,52.87167699271736,正常
98.3377928924091,124.91553302204734,0.7641813429967688,1398.610105755448,66.09004124509791,13.19676566984365,206.53247493086678,72.20972502900945,过热
71.81580650427043,91.57773797083541,1.773125549905671,1369.2434496818328,68.8221860585872,10.579066153278134,217.75799653871573,72.47934457672861,振动异常
64.07792515617548,101.4485137078301,1.7513491605688443,1395.1969966649149,71.62125231917665,10.290466388756354,222.90383722242996,77.88353341034218,振动异常
64.06587368323133,105.1514034465069,1.4429277466760353,1402.5193249809597,70.75045573428093,12.641695220586321,227.47662735016917,86.12204262009591,振动异常
74.71546950538458,96.6444738683306,1.4089121781305998,1455.329486009711,69.44064083136215,12.468627102251112,217.07601400881302,56.588226258640105,振动异常
61.13587392731214,100.87515835683914,0.43485819963855515,1502.8506562448542,64.24092299335348,9.563280263959404,216.32913100610753,50.441961773569474,正常
66.62083176244221,97.09110230228916,0.5201099046714968,1448.7906587835398,74.15928090707605,9.441698246053969,217.03822022173972,58.14612137924969,正常
101.68837639629692,122.12040284017893,0.8562018500563613,1510.5683073157581,81.35273510698136,12.742058480662548,210.28710293775097,67.04818059341997,过热
79.13475042312002,96.9503351914744,0.8425479551715321,1422.2236292784844,88.88792666683531,15.294334713229198,215.79909563527372,64.82724688023018,过热
68.4969954231086,107.30492949431788,0.9894293309944994,1497.9159002516803,70.14292017049043,11.001331933624751,217.90058954106487,73.85072376082306,振动异常
66.16024968678818,94.19404949477227,0.5015579047581468,1523.4387128037513,73.15194831978182,11.097152711753695,218.516962704651,56.41013256210461,正常
67.80392263184117,92.622677406579,0.5924633682912769,1526.8326376263642,74.6966959309269,9.8090962082727,223.09855722983067,52.41884496766149,正常
93.83101874653006,99.18217966607946,0.6755930388891238,1434.24042878103,73.84605992040669,10.856221141280102,224.44102538993224,64.59541331168656,过热
69.8168806462216,109.60971137731156,0.4910264305712773,1559.8285750832247,73.76968755935026,11.580540686568373,215.52326838818487,58.66924920128598,正常
66.57123666297637,100.92539707434287,0.5889630795623437,1513.9497081111901,71.24104474952408,7.9961376355932465,221.70294608200248,56.10619944195256,正常
82.72492280314792,111.87065795858916,0.3645869907114291,1482.2577941769928,74.330254375381,11.928943946183345,214.19619423542636,65.69322591855043,过热
89.43246216892726,118.86349397262843,0.7832564080301576,1438.2231609167238,70.16628533359012,12.545955946279108,223.43113241836707,66.25658324119051,过热
55.06215542699554,108.9565992914766,0.6188393273448084,1484.5441767898749,72.84189843640976,9.549810735148588,223.46459311515807,54.43801294478087,正常
68.79484610246634,101.03376945580182,0.5197910783462648,1546.392006404062,70.54403887292357,10.26587822965205,223.3417024435904,58.11513655305795,正常
99.25439127016848,103.5297457656915,0.9469275090918661,1342.4136128479254,68.52525534218552,12.837504634817558,219.87124285003705,63.451751430059694,过热
94.38205476213956,115.23530644185345,0.8624756420933144,1437.0634252859186,73.91112602879325,11.562362051612194,224.30270862027987,62.64342139424441,过热
84.26365745327361,111.96835449191346,0.4464764788439432,1487.4583491772476,79.47519157038057,9.999291405423355,226.3743752063936,53.586626044546364,正常
65.58663691654391,104.84807961076511,0.39600940728744694,1477.3385975336362,77.23858462905139,13.109918556005361,225.22544237042376,56.08425195181931,正常
70.8158187607748,97.25849924735721,0.5076821891060256,1493.2991416663542,73.4598285790713,9.324291920838387,221.30221131666778,55.60698638926841,正常
65.1050192081638,108.82641505613218,0.5364961002466225,1493.9126245808359,72.2866310013299,10.421586610614456,209.49986746174187,55.75442082682154,正常
67.71280021792982,104.11551067247,0.4105392697780496,1587.478837159347,73.73823248936856,10.937570137626558,214.25868355623692,53.35137917621339,正常
60.4530627260263,104.34688153903949,0.39734847005889395,1526.4846377178364,73.70226661208041,10.784604287898024,234.92629501301704,57.23501593863185,正常
59.756991050608036,114.21287089339839,1.7219026404353501,1243.4129128692807,60.880086655326785,10.233697009825963,216.4201531587325,83.78787900841455,振动异常
76.26269093825528,86.68317752793973,0.5600604943269384,1379.237852702043,67.58879379142051,14.549153974513064,214.57514558642472,72.96334999141442,过热
86.70059224505772,124.20367502144262,0.5914844610658848,1639.123404070725,66.92184168067816,10.999726924572654,214.95236232629816,56.54664186196774,过热
60.881981437340876,109.28904524681606,1.6518472966382136,1350.6230202681631,76.05377106943708,10.856456450757474,215.45101191484616,72.09141364067976,振动异常
71.74701433857781,113.4073448212955,0.6028392382664347,1427.030968623222,69.11499726292813,14.784971154842932,217.0965344726938,70.73013787506707,过热
57.84929311019684,112.0319439086615,0.6160826787378519,1519.733576491149,80.63352568413792,10.319651825918978,213.83738342615746,55.05520489235032,正常
74.15729382927177,89.78601139343752,0.5319781934142537,1545.1967420543097,78.54151923600531,9.349976065593102,215.36650845576344,53.14707496919891,正常
55.484612733599974,89.04343436090686,1.4796385854901555,1370.03726793998,64.14735830846261,8.415523311450247,210.0770393395698,85.19542741350065,振动异常
72.38947022370758,87.14842943793943,0.45105605574817775,1535.4054338344295,70.48149069634935,8.556145183866459,229.9625767658406,53.17940446642847,正常
75.71972044662662,91.90316499791867,0.4516813537700626,1491.6439143106795,71.9378131267978,8.78882807071922,228.4997868728819,55.17695266476879,正常
73.82727120140548,98.15252375833057,0.6476540349725896,1561.9141535716817,79.84728600263368,9.810879609222967,220.078091669748,56.276469799720694,正常
65.76039052435212,98.70305961712415,1.666070859320338,1289.438594504605,65.77298748134132,12.272172582405524,220.09954229149636,84.02149035613144,振动异常
72.09933808873285,97.62836581693445,1.5485095580114259,1379.6838634882213,52.45399900624298,11.367667378488097,211.54171287558765,74.9695669306336,振动异常
63.36936825564275,97.84694532964552,1.1349309868979498,1410.7333132796675,78.78602051862433,10.11514411580245,216.13765405173461,66.67841031235622,振动异常
78.0163112763704,104.19121502134539,0.9744630760056902,1459.465686357626,67.7716293863347,11.214403045842868,225.2705348788285,56.84332444791463,过热
60.888898022167844,85.27300614934684,0.4702436496640008,1498.6242547474683,76.54025269752051,10.698828420202535,222.07432750180956,57.54031232564948,正常
96.34825076118429,101.72982682390229,0.9066718489410899,1491.5714550542461,65.40827744893312,12.762912559850163,218.1633678831043,64.58642488051754,过热
70.64886001705688,83.10078295021447,0.637397125547974,1452.9584998912133,70.38812548014154,12.414901148266772,207.8293387312635,68.35972303907249,过热
68.83717364576455,98.86096411982965,0.45212513783365227,1466.8549541224527,83.1233922923478,9.182911368931808,224.14866208939588,52.500831828997725,正常
63.1617384252917,102.49186234523974,1.4694015850092204,1351.8444446451858,75.50484348397072,11.430013413291205,223.72451061293978,73.26781441971062,振动异常
69.85428465819592,98.14422754065644,1.2217340007564816,1459.7584672083767,60.16628139250745,9.34938693251751,208.80489033902202,80.46569923200855,振动异常
73.21263500354462,86.87477783572584,2.042282552330779,1345.1160194371855,64.81656925567489,10.716261395916968,208.19646224564428,77.32962204110426,振动异常
60.86384528223839,105.60247903527193,0.46751686164913775,1486.4438199478716,76.1161945706458,10.408652811480671,223.11355611950134,55.93955342159494,正常
68.31065337260523,90.96758583026217,0.46507422956815714,1481.3583423954117,83.07791411774116,9.322435347664346,218.4897725025507,55.421079609544144,正常
99.37088658341571,103.39639918955169,0.5303905776119666,1403.6458750746256,72.0253791539649,11.523974261636198,221.12994380032407,68.50747390962357,过热
79.1738223807471,94.33765068100774,0.7827860614418214,1387.0206700654035,69.94272683065462,10.8352512892605,221.65293428944324,49.11648093402,过热
76.27081776476902,86.28570815477002,2.2715985952484905,1346.5485561337787,73.1644748678177,12.983971564614237,217.05785102933174,77.86129093304872,振动异常
61.40777889373782,95.10785757606442,0.6594505063224972,1538.3040139192344,80.63025125386085,10.693478911913994,221.9316165890578,54.66800389432801,正常
67.25993561572334,97.1723889565616,1.5185650058661406,1350.0391635929138,63.13071844437775,11.04186553650729,210.49280518019793,70.89928962417193,振动异常
86.77831884640683,106.9548173155329,1.2099624191571854,1376.9630384667712,72.10810123226668,10.521690598918605,207.9657377407041,73.1753319726376,过热
61.61467995909591,96.96401275469084,1.8968233400655405,1434.468993521203,81.97720166433551,11.541155161731773,218.43291942093057,65.47266795221019,振动异常
68.05838144420434,104.03237212414275,0.6189016531107552,1518.7028284923786,73.23416853594655,9.696273971223336,216.42120005444625,55.661624281041604,正常
69.84407370024782,98.68948163406493,1.608118018505424,1343.245507413722,66.4230758086299,8.077625201860535,220.87401886035656,67.85123989024703,振动异常
55.66367403704126,103.77174685708796,0.4426299996061421,1553.6253668654902,75.38425941479385,9.352458194364841,223.9452834368776,53.610515913743804,正常
66.38345399665009,106.63524464946791,0.45538165667852204,1573.5585163746805,71.28764707150975,9.164857098369977,233.10396545514988,57.73408816652417,正常
84.40821709124498,128.03638752104789,0.8514397940711855,1331.4707337269717,79.7045747636887,12.486510315022302,219.36629370825884,64.42679582246804,过热
69.49799937716625,102.60906417793694,0.5078635190316091,1603.0751788318198,73.70601968666449,10.418398220888683,225.40883363836414,58.125173992176556,正常
63.03945923433921,112.18499261815725,0.6382158991037528,1504.0914679273783,75.63189789773206,11.039111787420268,213.71746552860373,56.52480591902377,正常
92.05126023138857,105.52258490497483,0.5713961375852543,1384.157900861736,62.77449122130495,9.962138977113788,225.35988467853565,67.40130250702963,过热
70.44475298483682,95.91027458855052,0.5436323669674032,1401.6821705312,77.20970324784705,11.321304032273012,215.69456044913215,53.834437674450974,正常
60.45987962239394,109.43437747251062,0.5082283989275425,1458.2326473370122,72.86821201897229,10.635418030209227,221.95347960464073,56.181391894648755,正常
68.12833673882503,102.70797125995531,0.5785800158650832,1533.8962935669635,67.96841268164083,9.809960964998506,221.86052736303432,55.79206024400101,正常
66.65631715701782,95.57080555722254,0.4447776955719029,1464.7494072120796,69.96728717360179,10.262561329001924,222.49842555151466,58.53917562508213,正常
62.99389764057082,94.3745885989929,0.7439752406339273,1485.9336221440894,75.44790340627624,11.5337277099165,224.1017200630623,49.74451357974484,正常
60.55242785187238,100.14734703351641,0.5128104414910789,1491.3526970038288,75.21801223186228,10.987334516589101,220.19118997480015,49.26323507374067,正常
94.52438875474877,118.31339061988403,0.7346607573627273,1548.4368738092971,68.9447198244052,12.264284733754039,207.12372759614425,66.45781838340986,过热
59.7114453552205,105.7403380463677,0.42322024348958714,1628.9854668827159,80.1498040879058,10.505470159166627,219.1282287104858,54.17802075451209,正常
65.02556728321231,92.99505397292194,0.6206508966508357,1513.3696157035952,77.56953924829457,8.446241233983935,223.95185948025855,54.137657441798936,正常
60.68429320086684,91.64803865214171,1.6370064032191198,1481.7298387258431,57.77473292094676,11.858591716123382,218.56114097863167,86.73426045519182,振动异常
63.06754392903244,81.61315749978185,1.972120264966532,1367.1180050797461,70.47860096177361,10.726736462197097,222.47216434446725,73.06855548220005,振动异常
61.16326218555975,87.43820224087635,0.47193249231332257,1498.2179258851259,73.05740773455557,11.448499229892926,218.57562253315166,52.74269428794089,正常
77.16223020226555,92.00783636554176,0.7955442041632573,1461.1849701846427,72.50500938111418,13.020330540715037,220.2432306388019,68.60951742719071,过热
67.7062098148493,94.1421092577512,1.7409464227842066,1260.5782420895166,69.25664136972173,11.20576318110847,217.10326584101006,81.47411758593589,振动异常
65.34281487403014,86.70783950184833,0.688115706944059,1560.938092584866,73.25341601940902,10.01961665769399,215.36809435009232,53.63338142192839,正常
66.82580881311858,99.23617231466332,1.0103955344920748,1406.046109813603,73.99294821352557,10.852236277577278,217.04877384550127,92.16659940061191,振动异常
62.351198981164806,113.49713308058051,0.559065483069231,1444.8316696913064,76.41643935773071,9.546751590976987,220.12694210271206,53.84493456486141,正常
66.12046240905208,99.7200920760243,0.6384272818510518,1503.3495358612436,74.01330789846337,9.464198536947702,219.83193717648143,53.83022888032166,正常
67.36618812286773,96.32511280367805,0.650339830176715,1565.0870644699398,73.45395461475069,8.576042847549855,213.40376402700616,54.631873199212826,正常
92.50332430008524,107.92715482141854,0.891561121985157,1431.3815376769057,67.86668674454756,11.882654011412223,219.00114426491106,50.83837037507929,过热
62.767425239664895,100.57252989775515,0.5208382807947552,1522.998607146956,65.62413765177128,8.401875648116253,226.1871906734207,59.54918216576072,正常
93.4649466006972,99.3939236315269,0.6348692634395716,1383.570590991853,73.16905404162083,10.362562241761346,217.37261550824243,68.11703569139958,过热
65.91671002869175,98.01985091558797,0.490166037320525,1558.2369677228585,79.73763231061429,8.673952313917962,218.7925127706461,53.49579355934309,正常
65.30115104970513,98.08841562506872,0.5249383683710755,1569.5103774508657,64.13665226992981,10.040919175395722,222.74441917658683,52.80713117285358,正常
63.44866621703272,101.20241409169502,0.49423812029664144,1531.540584227739,71.89576200874441,9.382746813453076,224.42615741494495,52.732625499524914,正常
71.18585397178454,107.63972450362525,1.4960086093864093,1382.2489382966185,57.799367286593345,10.345776506328413,215.50136940051183,78.98230647534221,振动异常
58.76108409017575,100.85144182153518,0.3880330105373856,1529.4289202210305,66.68754005982163,11.192507512477976,213.16431096769878,55.96477963401772,正常
69.15558151238783,89.73821505850337,1.100788460600722,1494.891637923384,57.76944833124321,11.521929246041479,217.8616966634872,81.74011117164004,振动异常
96.6074203862337,108.20785725932684,0.6435993014977927,1470.853696828213,69.09495629250758,10.361818199477149,221.47135415514177,68.22793856087097,过热
74.24037091941545,99.11131828248135,2.0024579018742195,1266.3064182004748,72.5672248552458,12.000323845804818,216.67931761247104,75.60538832490708,振动异常
65.1890233198381,117.66585405532501,1.080658356472711,1395.4367066517646,84.59299044861712,8.714390367841444,223.175260907691,69.94877955546754,振动异常
67.56892975456104,90.04276237350867,0.563517180168197,1575.0666825977744,77.54362511614967,10.35561334878566,208.97216971450464,50.358088033184906,正常
63.38969241897162,96.9235556461614,0.5708356447299353,1484.8765156755935,69.66098539210404,11.549020151495187,224.59227221971207,54.31135403391896,正常
94.46794933511943,98.25065981209448,0.8068054822144465,1390.3682395099088,72.13578511606121,11.615488982441262,209.6532384412256,65.33919256958468,过热
63.04332804971275,107.42220615039325,1.2662941735440043,1452.7719998465896,63.54310910609233,12.473636251529761,222.33468191132587,81.18591989332607,振动异常
61.48973453061324,100.61894646118094,0.6066674689589154,1499.6964544230054,79.35648648728622,10.622207144043402,217.53438588800114,57.30462164989521,正常
63.7371592430342,94.29723373858269,0.4637559058596868,1470.9738275097639,81.52170121439076,10.68021610545045,222.31603146049562,50.4565890724577,正常
75.61078098506317,97.84889047556136,0.5494030186282739,1512.0376589744285,69.0318158412176,8.548824309948442,222.553960442638,54.13435391237289,正常
71.65120592897443,106.4098269961206,0.6020084414895972,1508.7333735134068,62.30467927553716,11.115161523366588,219.41508777457724,63.87171809643874,过热
59.688481431369475,99.47136161082146,0.3551986099583756,1489.3278564534896,74.90290197056133,10.67286123596682,222.77756323171124,52.33227751531503,正常
66.21843605745956,89.76338426611439,0.6375706813311619,1588.6125798334872,73.04175716289105,10.42097294438939,222.31644265059055,48.618317738945514,正常
78.6008458329481,109.15003234565543,0.5760414656144297,1591.3004856773468,71.53789510063072,10.006799844559998,228.79310242097566,55.59943130115614,正常
69.607061827198,88.33680206974023,1.2723087903289967,1381.8315193775259,64.585809091766,13.005617090524972,221.20524717424806,74.45242805866867,振动异常
91.1753612386934,93.58991490247261,0.5771907099676014,1499.6937814110775,69.50939826621978,9.685322658085695,208.90915784152847,73.08150021360959,过热
84.56876120795408,97.04442932059118,1.4486185939189467,1444.753880273369,70.5438075130483,10.308755851570442,211.66055694408453,76.94185996435219,过热
97.027358627432,99.84781606191757,0.6298929442505913,1482.1774545710314,70.65408617473138,12.304853931879046,202.24195233469334,68.32684467516415,过热
61.461652671906094,99.80699930311998,0.6172729019259364,1519.057919244139,73.74976742700524,9.579238206318946,224.45123750418253,55.61316709480893,正常
70.26901026017451,110.8451028704396,0.4353063222294426,1535.9476655332533,67.43142803693587,8.706727042128836,214.05166670454818,60.66306297202057,正常
58.39883396489679,102.172630697563,0.4398632356048786,1521.8279902078834,80.94456685737322,8.50347074490992,217.93501088928284,61.844955509616526,正常
64.20030735018287,108.42913437286272,0.3676910206592502,1458.655982298007,71.7311683067559,8.634044288799466,219.2458114421665,53.87553383013458,正常
71.38832447894212,89.75656518002974,0.5612773905062569,1534.8193723728357,67.1456192396575,10.606723059136183,220.72443916548445,51.120575368724054,正常
56.515639576475195,104.6019303215528,1.1764461775906208,1358.1139209274734,82.36558260229344,12.730330882343122,220.67921904164427,76.00709224461326,振动异常
62.60412881077355,115.71780106333111,0.52029230208513,1527.916345626086,81.58557533669932,10.850897962167972,220.37977633958045,53.406357116177205,正常
67.14044650781484,98.8804445723713,0.9759312925963336,1391.199560103916,69.63246452022943,11.483929475644606,209.26967236945669,75.8890350023721,振动异常
56.53209865002498,104.44160817053756,1.5923497117541654,1455.0346377641142,64.52180981806988,11.221170876893725,209.43904053931195,73.22574877027091,振动异常
91.23479203124266,109.44198327290673,0.4914396969580708,1520.9134655775977,81.59122867257804,12.414872258386573,215.81987713726565,70.48034953738699,过热
97.18590897369806,96.67938695150143,0.8791639562191846,1455.8602226049002,73.19208005728444,9.210994842509914,195.01551186005648,62.43812879661653,过热
67.31118650744561,103.00419887158061,1.5308575733797003,1339.691030904723,72.08223437182471,9.802031869650733,213.95725936604313,62.27886535455762,振动异常
75.4619363784273,105.94611275218172,0.38569950872695163,1452.028038163826,76.19623432055575,11.674492433347538,227.408317012313,53.925911860759044,正常
64.19357144166996,94.79485944702539,0.5191099068019903,1526.82549217852,77.04909328464257,8.810588107132672,214.574247367211,50.44847890998496,正常
58.359069755507846,86.37294048515876,0.5984322398476584,1528.4491539592639,85.31262459621573,9.974425687808006,217.8161788138089,61.6563407003444,正常
52.25109766175533,104.56157280502129,1.2102652101408122,1364.652085820734,68.76721296228096,11.291761586166187,226.26308561902738,70.44240829659415,振动异常
